년월,시도명,시군구,승용관용,승용자가용,승용영업용,승합관용,승합자가용,승합영업용,화물관용,화물자가용,화물영업용,특수관용,특수자가용,특수영업용
202111 ,서울,강남구,153,200,280,573,219,6,4,413,619,84,176,13
202111 ,서울,강동구,104,127,104,196,132,404,3,722,680,445,154,12
202111 ,서울,강북구,103,60,921,143,63,167,2,559,719,343,131,7
202111 ,서울,강서구,127,163,906,402,176,435,5,8,1,6,427,156
202111 ,서울,관악구,94,99,276,32,102,402,3,646,317,12,151,9
202111 ,서울,광진구,87,79,869,65,83,21,2,515,390,948,162,10
202111 ,서울,구로구,102,112,990,911,123,3,4,745,636,445,132,14
202111 ,서울,금천구,45,69,633,432,73,110,3,151,481,654,68,10
202111 ,서울,노원구,87,128,533,630,134,250,3,939,857,848,167,10
202111 ,서울,도봉구,91,76,733,540,81,364,2,813,576,441,130,8
202111 ,서울,동대문구,109,80,98,519,82,726,3,46,129,230,145,9
202111 ,서울,동작구,111,93,445,187,94,743,2,649,141,842,146,6
202111 ,서울,마포구,103,100,908,449,105,460,2,946,600,599,165,9
202111 ,서울,서대문구,204,74,673,262,78,139,2,349,420,873,138,6
202111 ,서울,서초구,208,151,731,967,156,906,3,410,741,279,178,10
202111 ,서울,성동구,122,82,510,466,92,98,2,245,876,164,162,8
202111 ,서울,성북구,94,103,399,232,105,725,3,321,1,4,498,148
202111 ,서울,송파구,126,202,495,501,209,122,4,679,1,6,406,157
202111 ,서울,양천구,120,127,29,528,131,677,3,578,769,404,136,11
202111 ,서울,영등포구,132,117,4,713,120,849,4,317,172,544,173,14
202111 ,서울,용산구,136,69,803,1,70,940,2,80,60,195,136,5
202111 ,서울,은평구,101,111,694,980,115,775,3,671,746,462,146,10
202111 ,서울,종로구,1,699,39,741,41,465,645,1,652,3,553,358
202111 ,서울,중구,285,48,37,83,51,405,1,962,270,992,183,4
202111 ,서울,중랑구,78,88,967,742,94,787,3,608,556,197,126,11
202112 ,서울,강남구,152,200,358,151,218,661,4,348,611,13,179,13
202112 ,서울,강동구,105,126,873,211,132,189,3,721,678,441,154,12
202112 ,서울,강북구,102,60,845,139,63,86,2,556,719,338,130,7
202112 ,서울,강서구,125,164,486,485,177,96,5,3,1,6,409,157
202112 ,서울,관악구,94,99,15,42,102,151,3,619,310,979,152,9
202112 ,서울,광진구,88,79,766,98,82,952,2,507,391,942,163,10
202112 ,서울,구로구,102,112,959,31,123,92,4,738,629,431,133,14
202112 ,서울,금천구,44,69,563,560,73,167,3,143,482,647,68,10
202112 ,서울,노원구,87,128,613,715,134,415,3,919,862,833,169,10
202112 ,서울,도봉구,92,76,683,513,81,288,2,788,575,415,131,8
202112 ,서울,동대문구,111,80,187,479,82,777,3,32,129,216,146,9
202112 ,서울,동작구,111,93,439,182,94,732,2,621,141,815,147,6
202112 ,서울,마포구,102,100,945,417,105,464,2,928,596,579,166,9
202112 ,서울,서대문구,203,74,574,165,77,942,2,331,415,850,138,6
202112 ,서울,서초구,207,151,378,952,156,537,3,374,721,223,177,10
202112 ,서울,성동구,120,82,640,411,93,171,2,224,880,147,161,8
202112 ,서울,성북구,95,103,283,190,105,568,3,306,1,4,476,149
202112 ,서울,송파구,125,202,318,531,208,974,4,670,1,6,397,160
202112 ,서울,양천구,119,127,140,538,131,797,3,555,768,381,136,11
202112 ,서울,영등포구,132,117,96,707,120,935,4,303,171,531,177,15
202112 ,서울,용산구,135,69,749,1,70,885,2,80,60,195,137,5
202112 ,서울,은평구,100,111,829,997,115,926,3,631,745,422,149,10
202112 ,서울,종로구,1,736,38,743,41,475,666,1,654,3,576,371
202112 ,서울,중구,280,47,592,16,50,888,1,942,266,969,184,5
202112 ,서울,중랑구,79,89,13,784,94,876,3,591,553,178,127,11
202201 ,서울,강남구,151,200,545,340,219,36,4,338,609,1,179,13
202201 ,서울,강동구,103,126,883,182,132,168,3,701,674,417,155,12
202201 ,서울,강북구,104,60,967,134,63,205,2,551,719,333,130,7
202201 ,서울,강서구,127,164,621,431,177,179,4,939,1,6,384,157
202201 ,서울,관악구,94,99,161,41,102,296,3,597,310,957,152,9
202201 ,서울,광진구,87,79,867,499,83,453,2,509,386,939,163,10
202201 ,서울,구로구,100,113,58,933,123,91,4,701,631,389,127,14
202201 ,서울,금천구,51,69,694,545,73,290,3,121,481,631,74,10
202201 ,서울,노원구,87,128,881,672,134,640,3,903,856,812,169,10
202201 ,서울,도봉구,92,76,735,494,81,321,2,774,575,401,131,8
202201 ,서울,동대문구,108,80,263,489,82,860,3,32,134,221,143,9
202201 ,서울,동작구,112,93,630,177,94,919,2,624,140,817,147,6
202201 ,서울,마포구,102,101,2,399,105,503,2,909,592,556,166,9
202201 ,서울,서대문구,203,74,846,158,78,207,2,310,413,827,138,6
202201 ,서울,서초구,207,151,225,915,156,347,3,362,717,207,177,10
202201 ,서울,성동구,123,82,519,619,92,261,2,210,787,41,163,8
202201 ,서울,성북구,95,103,410,191,105,696,3,285,1,4,455,149
202201 ,서울,송파구,125,202,779,615,209,519,4,631,1,6,350,160
202201 ,서울,양천구,119,127,182,522,131,823,3,542,764,364,136,11
202201 ,서울,영등포구,132,117,251,696,121,79,4,284,171,512,178,15
202201 ,서울,용산구,135,69,698,70,828,55,61,60,2,137,5,268
202201 ,서울,은평구,101,111,919,998,116,18,3,604,744,394,147,10
202201 ,서울,종로구,1,736,39,674,41,451,678,1,643,3,576,365
202201 ,서울,중구,278,47,268,960,50,506,1,921,262,928,184,5
202201 ,서울,중랑구,80,89,329,742,95,151,3,588,549,171,125,11
202202 ,서울,강남구,150,200,564,854,219,568,4,309,628,991,179,13
202202 ,서울,강동구,101,126,797,158,132,56,3,680,695,416,154,12
202202 ,서울,강북구,104,60,819,125,63,48,2,524,719,306,130,7
202202 ,서울,강서구,126,164,624,371,177,121,4,910,1,6,340,157
202202 ,서울,관악구,95,99,119,89,102,303,3,577,312,939,150,9
202202 ,서울,광진구,87,79,971,434,83,492,2,490,382,916,163,10
202202 ,서울,구로구,100,112,987,767,122,854,4,692,606,355,125,14
202202 ,서울,금천구,51,69,787,543,73,381,3,112,480,621,74,10
202202 ,서울,노원구,87,128,884,664,134,635,3,881,854,788,169,10
202202 ,서울,도봉구,92,76,738,537,81,367,2,769,575,395,130,8
202202 ,서울,동대문구,108,80,280,497,82,885,3,22,134,211,141,9
202202 ,서울,동작구,110,93,492,177,94,779,2,604,140,794,130,6
202202 ,서울,마포구,102,100,918,395,105,415,2,912,594,561,162,9
202202 ,서울,서대문구,203,75,58,51,78,312,2,295,408,807,137,6
202202 ,서울,서초구,207,151,67,930,156,204,3,334,716,178,175,10
202202 ,서울,성동구,121,82,498,557,92,176,2,190,815,52,185,8
202202 ,서울,성북구,95,103,807,160,106,62,3,277,1,4,446,149
202202 ,서울,송파구,123,203,765,732,210,620,4,608,1,6,323,159
202202 ,서울,양천구,119,127,107,503,131,729,3,533,762,353,136,11
202202 ,서울,영등포구,134,117,247,692,121,73,4,291,172,520,178,15
202202 ,서울,용산구,135,69,673,70,796,55,56,60,2,137,5,249
202202 ,서울,은평구,100,111,957,81,116,138,3,583,747,375,143,10
202202 ,서울,종로구,1,735,38,1,339,42,1,678,1,256,3,574
202202 ,서울,중구,278,47,31,904,50,213,1,913,262,947,183,4
202202 ,서울,중랑구,80,89,569,719,95,368,3,581,548,163,119,11
202203 ,서울,강남구,153,200,576,823,219,552,4,293,626,973,179,13
202203 ,서울,강동구,101,126,760,127,131,988,3,680,699,420,153,12
202203 ,서울,강북구,103,60,738,117,62,958,2,494,718,275,130,7
202203 ,서울,강서구,127,165,787,348,178,262,4,887,1,6,317,157
202203 ,서울,관악구,95,99,22,102,102,219,3,534,312,896,150,9
202203 ,서울,광진구,88,80,142,453,83,683,2,470,378,892,162,10
202203 ,서울,구로구,99,113,101,131,123,331,4,688,588,333,125,14
202203 ,서울,금천구,51,69,933,528,73,512,3,81,480,588,74,10
202203 ,서울,노원구,86,128,855,561,134,502,3,858,848,759,166,10
202203 ,서울,도봉구,92,76,643,606,81,341,2,736,576,363,130,8
202203 ,서울,동대문구,109,80,297,498,82,904,2,995,156,207,139,9
202203 ,서울,동작구,110,93,572,194,94,876,2,586,140,775,130,6
202203 ,서울,마포구,102,100,955,399,105,456,2,906,588,549,159,9
202203 ,서울,서대문구,203,74,989,61,78,253,2,280,408,792,134,6
202203 ,서울,서초구,208,150,923,22,156,153,3,313,719,159,174,10
202203 ,서울,성동구,121,82,651,31,91,803,2,185,838,70,187,8
202203 ,서울,성북구,95,104,302,180,106,577,3,249,1,4,423,150
202203 ,서울,송파구,124,204,346,754,211,224,4,576,1,6,298,159
202203 ,서울,양천구,120,127,116,432,131,668,3,518,760,334,136,11
202203 ,서울,영등포구,137,117,58,690,120,885,4,265,172,495,178,14
202203 ,서울,용산구,135,69,534,70,660,55,36,59,2,138,5,260
202203 ,서울,은평구,98,111,883,123,116,104,3,574,751,369,142,10
202203 ,서울,종로구,1,737,38,1,297,41,1,678,1,255,3,559
202203 ,서울,중구,277,46,779,853,49,909,1,905,264,943,182,4
202203 ,서울,중랑구,78,89,676,718,95,472,3,564,544,142,117,11
202204 ,서울,강남구,153,205,334,73,224,560,4,260,622,935,175,13
202204 ,서울,강동구,101,126,912,92,132,105,3,679,707,427,153,12
202204 ,서울,강북구,103,60,734,107,62,944,2,493,718,274,130,7
202204 ,서울,강서구,127,166,507,794,178,428,4,834,1,6,266,157
202204 ,서울,관악구,95,99,118,101,102,314,3,512,311,874,150,9
202204 ,서울,광진구,87,80,207,342,83,636,2,461,380,885,162,10
202204 ,서울,구로구,98,113,168,99,123,365,4,649,587,293,123,14
202204 ,서울,금천구,51,70,6,405,73,462,3,79,477,583,74,10
202204 ,서울,노원구,86,128,853,598,134,537,3,857,848,758,168,10
202204 ,서울,도봉구,92,76,631,667,81,390,2,729,575,354,129,8
202204 ,서울,동대문구,109,80,365,492,82,966,2,967,126,148,139,9
202204 ,서울,동작구,109,93,713,193,95,15,2,594,140,783,130,6
202204 ,서울,마포구,100,100,976,357,105,433,2,885,618,558,158,9
202204 ,서울,서대문구,190,75,49,64,78,303,2,281,404,783,134,6
202204 ,서울,서초구,207,150,865,40,156,112,3,281,714,122,174,10
202204 ,서울,성동구,123,82,721,972,91,816,2,159,860,66,178,8
202204 ,서울,성북구,95,104,554,137,106,786,3,228,1,4,402,149
202204 ,서울,송파구,124,204,876,839,211,839,4,558,1,6,304,157
202204 ,서울,양천구,119,127,225,425,131,769,3,492,756,304,135,11
202204 ,서울,영등포구,136,117,31,642,120,809,4,192,168,418,175,14
202204 ,서울,용산구,133,65,330,66,452,55,44,59,2,137,5,253
202204 ,서울,은평구,98,112,394,126,116,618,3,574,751,369,139,10
202204 ,서울,종로구,1,739,38,1,270,41,1,683,1,256,3,561
202204 ,서울,중구,276,46,465,824,49,565,1,893,261,929,181,4
202204 ,서울,중랑구,78,89,793,730,95,601,3,555,544,133,118,11
202205 ,서울,강남구,153,205,571,286,225,10,4,224,607,885,175,13
202205 ,서울,강동구,102,127,75,88,132,265,3,665,711,417,153,12
202205 ,서울,강북구,102,60,699,131,62,932,2,474,718,255,131,7
202205 ,서울,강서구,128,166,816,742,178,686,4,826,1,6,257,159
202205 ,서울,관악구,96,99,150,124,102,370,3,506,304,861,149,9
202205 ,서울,광진구,89,80,294,388,83,771,2,461,379,884,162,10
202205 ,서울,구로구,98,113,156,86,123,340,4,625,585,267,122,14
202205 ,서울,금천구,52,70,232,397,73,681,3,81,477,585,74,10
202205 ,서울,노원구,86,128,902,595,134,583,3,836,849,739,171,10
202205 ,서울,도봉구,92,76,745,690,81,527,2,709,575,335,125,8
202205 ,서울,동대문구,107,80,472,480,83,59,2,954,142,152,139,9
202205 ,서울,동작구,108,93,803,196,95,107,2,577,139,766,131,6
202205 ,서울,마포구,100,101,90,435,105,625,2,860,635,551,158,9
202205 ,서울,서대문구,190,75,200,93,78,483,2,275,407,780,132,6
202205 ,서울,서초구,206,150,804,97,156,107,3,256,730,113,174,10
202205 ,서울,성동구,123,82,808,920,91,851,2,135,868,50,178,8
202205 ,서울,성북구,96,104,784,135,107,15,3,227,1,4,401,149
202205 ,서울,송파구,125,205,123,899,212,147,4,549,1,6,292,156
202205 ,서울,양천구,119,127,239,428,131,786,3,493,759,309,134,11
202205 ,서울,영등포구,137,117,120,640,120,897,4,173,167,398,169,14
202205 ,서울,용산구,134,65,446,66,575,55,36,58,2,136,5,271
202205 ,서울,은평구,99,112,777,132,117,8,3,562,751,356,136,10
202205 ,서울,종로구,1,686,38,1,227,41,1,687,1,256,3,540
202205 ,서울,중구,276,46,190,789,49,255,1,893,260,911,183,4
202205 ,서울,중랑구,78,89,938,762,95,778,3,548,545,128,118,11
202206 ,서울,강남구,153,206,34,42,226,229,4,245,613,911,175,13
202206 ,서울,강동구,102,127,247,95,132,444,3,661,737,439,153,12
202206 ,서울,강북구,103,60,838,143,63,84,2,456,718,237,129,7
202206 ,서울,강서구,128,167,289,355,178,772,4,811,1,6,255,159
202206 ,서울,관악구,96,99,230,119,102,445,3,472,304,826,149,9
202206 ,서울,광진구,90,80,360,436,83,886,2,447,377,868,162,10
202206 ,서울,구로구,99,113,171,95,123,365,4,623,581,262,125,14
202206 ,서울,금천구,52,70,400,392,73,844,3,83,478,588,74,10
202206 ,서울,노원구,86,129,23,593,134,702,3,810,847,711,171,10
202206 ,서울,도봉구,92,76,786,684,81,562,2,698,575,325,125,8
202206 ,서울,동대문구,106,80,466,243,82,815,2,947,141,144,139,9
202206 ,서울,동작구,108,93,873,181,95,162,2,563,138,751,131,6
202206 ,서울,마포구,101,100,920,493,105,514,2,849,636,541,160,9
202206 ,서울,서대문구,190,75,266,105,78,561,2,263,406,776,132,5
202206 ,서울,서초구,207,150,682,162,156,51,3,232,728,88,180,10
202206 ,서울,성동구,121,82,825,896,91,842,2,127,897,70,191,8
202206 ,서울,성북구,96,104,927,137,107,160,3,201,1,4,377,149
202206 ,서울,송파구,125,205,376,977,212,478,4,521,1,6,270,156
202206 ,서울,양천구,119,127,248,459,131,826,3,463,761,282,134,11
202206 ,서울,영등포구,138,117,261,637,121,36,4,139,168,365,170,14
202206 ,서울,용산구,135,65,519,225,66,879,2,11,58,125,134,5
202206 ,서울,은평구,99,112,936,125,117,160,3,545,751,341,141,10
202206 ,서울,종로구,1,685,38,1,78,41,1,737,1,256,3,580
202206 ,서울,중구,277,45,842,729,48,848,1,887,261,906,187,4
202206 ,서울,중랑구,77,90,129,759,95,965,3,526,546,107,119,11
202207 ,서울,강남구,155,206,221,89,226,465,4,216,608,877,184,13
202207 ,서울,강동구,103,127,450,99,132,652,3,641,738,420,154,12
202207 ,서울,강북구,104,60,967,147,63,218,2,450,717,232,130,7
202207 ,서울,강서구,129,167,483,386,178,998,4,776,1,6,211,159
202207 ,서울,관악구,97,99,274,124,102,495,3,468,305,821,147,9
202207 ,서울,광진구,87,80,443,485,84,15,2,442,377,861,159,10
202207 ,서울,구로구,100,113,229,94,123,423,4,575,579,214,126,14
202207 ,서울,금천구,52,70,658,400,74,110,3,62,473,564,74,10
202207 ,서울,노원구,88,129,77,575,134,740,3,806,847,707,172,10
202207 ,서울,도봉구,92,76,882,703,81,677,2,681,575,308,125,8
202207 ,서울,동대문구,106,80,586,252,82,944,2,943,139,138,140,9
202207 ,서울,동작구,107,93,970,181,95,258,2,548,136,734,131,6
202207 ,서울,마포구,104,100,939,578,105,621,2,824,655,535,160,9
202207 ,서울,서대문구,191,75,359,105,78,655,2,241,408,757,133,5
202207 ,서울,서초구,204,150,800,41,156,45,3,218,750,95,177,10
202207 ,서울,성동구,120,82,853,789,91,762,2,115,901,62,193,8
202207 ,서울,성북구,94,105,123,138,107,355,3,198,1,4,370,151
202207 ,서울,송파구,125,205,778,78,212,981,4,516,1,6,271,157
202207 ,서울,양천구,120,127,526,456,132,102,3,452,759,268,134,11
202207 ,서울,영등포구,134,117,576,646,121,356,4,131,166,355,171,14
202207 ,서울,용산구,136,65,406,225,66,767,2,9,57,129,137,5
202207 ,서울,은평구,99,113,92,126,117,317,3,533,751,328,145,10
202207 ,서울,종로구,1,686,38,952,41,594,760,1,587,3,603,361
202207 ,서울,중구,277,45,561,682,48,520,1,880,255,892,187,4
202207 ,서울,중랑구,77,90,292,800,96,169,3,512,546,93,119,11
202208 ,서울,강남구,156,206,124,399,226,679,4,184,610,852,186,13
202208 ,서울,강동구,104,127,611,113,132,828,3,602,747,391,155,12
202208 ,서울,강북구,104,61,34,130,63,268,2,464,720,249,130,7
202208 ,서울,강서구,129,167,244,378,178,751,4,729,1,6,166,158
202208 ,서울,관악구,97,99,159,133,102,389,3,442,307,798,147,9
202208 ,서울,광진구,87,80,430,526,84,43,2,425,377,845,162,9
202208 ,서울,구로구,99,113,217,286,123,602,4,566,575,203,125,14
202208 ,서울,금천구,52,70,737,490,74,279,3,48,474,551,75,10
202208 ,서울,노원구,88,129,128,571,134,787,3,787,846,688,172,10
202208 ,서울,도봉구,94,76,871,706,81,671,2,657,575,286,125,8
202208 ,서울,동대문구,105,80,672,248,83,25,2,915,148,120,140,9
202208 ,서울,동작구,109,93,861,185,95,155,2,538,137,724,130,6
202208 ,서울,마포구,103,100,895,564,105,562,2,806,655,520,160,9
202208 ,서울,서대문구,197,75,543,125,78,865,2,240,429,777,133,6
202208 ,서울,서초구,204,150,325,93,155,622,3,212,753,95,176,10
202208 ,서울,성동구,124,82,686,812,91,622,2,98,905,49,187,8
202208 ,서울,성북구,94,105,174,143,107,411,3,199,1,4,370,151
202208 ,서울,송파구,125,205,829,105,213,59,4,515,1,6,270,158
202208 ,서울,양천구,122,127,458,462,132,42,3,445,758,262,138,11
202208 ,서울,영등포구,133,117,710,651,121,494,4,110,163,331,169,14
202208 ,서울,용산구,244,65,451,227,66,922,2,5,57,190,145,5
202208 ,서울,은평구,100,113,119,116,117,335,3,504,750,302,143,10
202208 ,서울,종로구,1,515,38,879,41,359,696,1,589,3,539,353
202208 ,서울,중구,283,45,397,663,48,343,1,880,228,866,185,4
202208 ,서울,중랑구,79,90,350,830,96,259,3,509,554,101,119,11
202209 ,서울,강남구,156,206,457,38,226,651,4,164,607,828,186,13
202209 ,서울,강동구,104,127,777,121,133,2,3,596,770,410,156,12
202209 ,서울,강북구,103,60,968,101,63,172,2,448,720,232,133,7
202209 ,서울,강서구,129,167,354,300,178,783,4,700,1,6,138,158
202209 ,서울,관악구,96,99,386,144,102,626,3,432,307,790,147,9
202209 ,서울,광진구,85,80,477,534,84,96,2,399,375,817,162,9
202209 ,서울,구로구,99,113,321,367,123,787,4,553,564,179,125,14
202209 ,서울,금천구,52,70,794,497,74,343,3,30,471,531,75,10
202209 ,서울,노원구,88,129,227,537,134,852,3,767,840,661,173,10
202209 ,서울,도봉구,94,76,798,715,81,607,2,649,575,278,126,8
202209 ,서울,동대문구,105,81,134,251,83,490,2,911,149,118,140,9
202209 ,서울,동작구,108,93,850,184,95,142,2,522,137,709,130,6
202209 ,서울,마포구,102,100,931,549,105,582,2,806,667,528,162,9
202209 ,서울,서대문구,199,75,705,151,79,55,2,218,431,759,133,5
202209 ,서울,서초구,202,150,809,993,156,4,3,190,737,57,178,10
202209 ,서울,성동구,125,82,754,585,91,464,2,97,923,66,185,8
202209 ,서울,성북구,94,105,195,137,107,426,3,179,1,4,350,153
202209 ,서울,송파구,128,206,58,153,213,339,4,478,1,6,241,158
202209 ,서울,양천구,121,127,633,443,132,197,3,411,759,230,139,11
202209 ,서울,영등포구,135,117,615,199,120,949,4,95,162,314,169,13
202209 ,서울,용산구,244,65,460,240,66,944,2,1,57,186,145,5
202209 ,서울,은평구,102,113,76,128,117,306,3,492,747,287,140,10
202209 ,서울,종로구,1,509,38,858,41,292,696,1,583,3,534,353
202209 ,서울,중구,284,45,544,47,48,875,1,887,228,873,185,5
202209 ,서울,중랑구,80,90,425,861,96,366,3,491,551,81,120,11
202210 ,서울,강남구,156,206,392,795,226,343,4,154,598,804,185,13
202210 ,서울,강동구,104,127,790,133,133,27,3,598,789,431,156,12
202210 ,서울,강북구,103,60,975,87,63,165,2,440,718,223,137,7
202210 ,서울,강서구,131,167,251,348,178,730,4,653,1,6,93,164
202210 ,서울,관악구,96,99,613,150,102,859,3,418,306,771,148,9
202210 ,서울,광진구,87,80,392,515,83,994,2,391,362,796,166,9
202210 ,서울,구로구,100,113,876,861,124,837,4,550,558,170,128,14
202210 ,서울,금천구,51,70,872,417,74,340,3,22,467,518,75,10
202210 ,서울,노원구,88,129,250,513,134,851,3,749,840,642,174,10
202210 ,서울,도봉구,94,76,820,737,81,651,2,639,575,265,127,8
202210 ,서울,동대문구,105,81,274,173,83,552,2,899,152,109,143,9
202210 ,서울,동작구,108,93,806,173,95,87,2,514,136,700,129,6
202210 ,서울,마포구,102,100,951,567,105,620,2,800,664,519,165,9
202210 ,서울,서대문구,201,75,841,171,79,213,2,211,433,751,134,5
202210 ,서울,서초구,214,150,886,915,156,15,3,163,737,30,179,10
202210 ,서울,성동구,123,82,673,504,91,300,2,77,929,52,180,8
202210 ,서울,성북구,94,105,178,138,107,410,3,163,1,4,335,153
202210 ,서울,송파구,127,206,104,139,213,370,4,468,1,6,238,159
202210 ,서울,양천구,121,127,511,469,132,101,3,398,760,216,140,11
202210 ,서울,영등포구,135,117,664,157,120,956,4,71,160,288,172,13
202210 ,서울,용산구,246,65,434,269,66,949,2,3,57,188,146,5
202210 ,서울,은평구,102,113,7,134,117,243,3,459,748,253,140,10
202210 ,서울,종로구,1,538,38,830,41,333,697,1,574,3,526,353
202210 ,서울,중구,288,45,313,3,48,604,1,880,230,865,181,5
202210 ,서울,중랑구,81,90,415,866,96,362,3,474,545,58,121,11
202211 ,서울,강남구,156,206,959,604,226,719,4,141,594,787,190,13
202211 ,서울,강동구,105,128,30,138,133,273,3,599,797,440,158,12
202211 ,서울,강북구,102,60,982,89,63,173,2,440,717,222,136,7
202211 ,서울,강서구,131,167,831,284,179,246,4,627,1,6,69,164
202211 ,서울,관악구,91,99,744,149,102,984,3,405,304,755,147,9
202211 ,서울,광진구,86,80,400,458,83,944,2,373,367,783,168,9
202211 ,서울,구로구,99,114,286,970,125,355,4,532,557,154,136,14
202211 ,서울,금천구,50,70,975,417,74,442,3,3,464,496,76,10
202211 ,서울,노원구,88,129,348,511,134,947,3,732,841,626,176,10
202211 ,서울,도봉구,94,76,856,727,81,677,2,620,572,244,126,8
202211 ,서울,동대문구,106,81,405,206,83,717,2,901,151,109,141,9
202211 ,서울,동작구,108,93,709,175,94,992,2,504,138,692,128,6
202211 ,서울,마포구,101,101,16,578,105,695,2,782,669,506,166,9
202211 ,서울,서대문구,203,76,125,176,79,504,2,211,432,751,132,5
202211 ,서울,서초구,204,151,178,949,156,331,3,143,739,10,176,10
202211 ,서울,성동구,119,82,832,99,91,50,2,63,930,39,177,8
202211 ,서울,성북구,94,105,238,138,107,470,3,129,1,4,300,153
202211 ,서울,송파구,129,206,249,218,213,596,4,463,1,6,233,159
202211 ,서울,양천구,122,127,627,494,132,243,3,398,762,218,139,11
202211 ,서울,영등포구,135,117,501,138,120,774,4,64,160,282,169,13
202211 ,서울,용산구,246,65,422,337,67,5,1,990,58,176,145,5
202211 ,서울,은평구,98,112,953,106,117,157,3,443,747,236,140,10
202211 ,서울,종로구,1,538,39,811,41,373,650,1,559,3,465,346
202211 ,서울,중구,289,45,278,958,48,525,1,874,241,875,181,5
202211 ,서울,중랑구,81,90,559,869,96,509,3,462,546,46,121,11
202212 ,서울,강남구,154,207,377,810,227,341,4,115,593,761,178,13
202212 ,서울,강동구,104,128,197,93,133,394,3,573,810,426,158,12
202212 ,서울,강북구,103,60,943,68,63,114,2,431,718,219,133,7
202212 ,서울,강서구,128,168,42,248,179,418,4,595,1,6,21,164
202212 ,서울,관악구,92,99,640,136,102,868,3,360,301,707,147,9
202212 ,서울,광진구,87,80,403,435,83,925,2,359,364,767,166,9
202212 ,서울,구로구,108,114,713,322,126,143,4,504,562,130,135,14
202212 ,서울,금천구,51,71,122,498,74,671,2,986,471,486,76,10
202212 ,서울,노원구,87,129,347,522,134,956,3,708,836,596,176,10
202212 ,서울,도봉구,94,76,886,699,81,679,2,600,569,220,127,8
202212 ,서울,동대문구,106,81,388,388,83,882,2,880,151,87,141,9
202212 ,서울,동작구,105,93,620,185,94,910,2,498,136,684,129,6
202212 ,서울,마포구,94,101,279,571,105,944,2,768,667,489,164,9
202212 ,서울,서대문구,219,76,550,232,80,1,2,209,434,751,131,5
202212 ,서울,서초구,217,151,437,892,156,546,3,155,739,24,174,10
202212 ,서울,성동구,119,82,795,320,90,234,2,37,924,9,183,8
202212 ,서울,성북구,95,105,252,131,107,478,3,118,1,4,289,149
202212 ,서울,송파구,129,206,371,217,213,717,4,445,1,6,224,160
202212 ,서울,양천구,121,127,739,503,132,363,3,374,759,192,137,11
202212 ,서울,영등포구,140,117,615,133,120,888,4,47,158,262,170,13
202212 ,서울,용산구,239,65,407,330,66,976,1,985,66,176,144,5
202212 ,서울,은평구,97,112,672,82,116,851,3,409,747,201,138,10
202212 ,서울,종로구,1,703,39,798,41,557,659,1,558,3,472,344
202212 ,서울,중구,298,44,948,880,48,126,1,868,228,871,184,5
202212 ,서울,중랑구,80,90,730,938,96,748,3,440,546,21,121,11
202301 ,서울,강남구,154,207,692,642,227,488,4,112,587,753,176,13
202301 ,서울,강동구,102,128,422,111,133,635,3,569,819,431,159,12
202301 ,서울,강북구,103,60,998,66,63,167,2,411,716,193,132,7
202301 ,서울,강서구,129,167,350,195,178,674,4,632,1,6,41,164
202301 ,서울,관악구,91,99,804,123,103,18,3,334,300,680,147,9
202301 ,서울,광진구,87,80,441,408,83,936,2,356,359,759,169,9
202301 ,서울,구로구,102,114,998,203,126,303,4,491,558,112,131,14
202301 ,서울,금천구,51,71,348,529,74,928,2,971,470,470,76,10
202301 ,서울,노원구,86,129,513,497,135,96,3,695,836,583,175,10
202301 ,서울,도봉구,93,76,966,654,81,713,2,579,585,215,126,8
202301 ,서울,동대문구,107,81,610,392,84,109,2,856,155,68,141,9
202301 ,서울,동작구,106,93,744,183,95,33,2,485,136,672,128,6
202301 ,서울,마포구,92,101,497,540,106,129,2,730,668,452,164,9
202301 ,서울,서대문구,209,76,981,248,80,438,2,214,437,759,131,5
202301 ,서울,서초구,200,151,621,927,156,748,3,138,734,2,174,10
202301 ,서울,성동구,119,82,773,129,90,21,2,29,928,5,183,8
202301 ,서울,성북구,95,105,359,126,107,580,3,114,1,4,287,149
202301 ,서울,송파구,132,206,606,258,213,996,4,426,1,6,213,158
202301 ,서울,양천구,121,127,782,501,132,404,3,360,758,177,137,11
202301 ,서울,영등포구,141,117,788,115,121,44,4,46,156,259,170,13
202301 ,서울,용산구,239,65,440,338,67,17,1,989,67,181,143,5
202301 ,서울,은평구,97,112,746,73,116,916,3,387,747,178,135,10
202301 ,서울,종로구,1,717,39,773,41,556,674,1,555,3,484,346
202301 ,서울,중구,292,44,703,833,47,828,1,856,219,847,181,5
202301 ,서울,중랑구,80,90,969,956,97,5,3,431,541,7,119,11
202302 ,서울,강남구,153,207,975,749,227,877,4,102,570,726,177,13
202302 ,서울,강동구,102,128,583,117,133,802,3,548,822,413,155,12
202302 ,서울,강북구,102,60,949,58,63,109,2,389,716,171,132,7
202302 ,서울,강서구,129,166,782,87,177,998,4,608,1,6,3,163
202302 ,서울,관악구,91,99,826,134,103,51,3,316,298,660,147,9
202302 ,서울,광진구,87,80,402,408,83,897,2,352,352,748,168,9
202302 ,서울,구로구,100,115,81,705,125,886,4,464,553,80,128,14
202302 ,서울,금천구,50,71,468,554,75,72,2,957,466,452,75,10
202302 ,서울,노원구,84,129,453,494,135,31,3,685,835,572,176,10
202302 ,서울,도봉구,93,76,999,643,81,735,2,551,596,198,124,8
202302 ,서울,동대문구,103,81,695,401,84,199,2,842,160,59,142,9
202302 ,서울,동작구,106,93,586,177,94,869,2,471,136,657,128,6
202302 ,서울,마포구,92,101,638,491,106,221,2,714,667,435,164,9
202302 ,서울,서대문구,206,77,261,248,80,715,2,219,439,766,131,6
202302 ,서울,서초구,185,151,70,873,156,128,3,124,717,966,173,10
202302 ,서울,성동구,119,82,402,42,89,563,2,15,927,989,182,8
202302 ,서울,성북구,95,105,416,127,107,638,3,82,1,4,256,148
202302 ,서울,송파구,132,206,826,270,214,228,4,401,1,6,197,158
202302 ,서울,양천구,121,127,815,496,132,432,3,339,755,153,136,11
202302 ,서울,영등포구,136,117,819,98,121,53,4,12,162,231,169,13
202302 ,서울,용산구,238,65,483,321,67,42,1,978,69,171,143,5
202302 ,서울,은평구,93,112,607,72,116,772,3,375,745,163,135,10
202302 ,서울,종로구,1,722,39,741,41,574,678,1,557,3,490,345
202302 ,서울,중구,286,44,627,817,47,730,1,854,223,860,180,5
202302 ,서울,중랑구,80,91,64,975,97,119,3,418,542,994,118,11
202303 ,서울,강남구,155,209,267,559,228,981,4,84,566,704,177,13
202303 ,서울,강동구,109,128,708,113,133,930,3,523,822,387,154,12
202303 ,서울,강북구,102,60,992,64,63,158,2,364,716,146,130,7
202303 ,서울,강서구,130,166,914,894,177,938,4,605,1,6,9,164
202303 ,서울,관악구,91,99,914,165,103,170,3,288,342,676,147,9
202303 ,서울,광진구,89,80,447,372,83,908,2,339,357,739,170,9
202303 ,서울,구로구,101,115,314,707,126,122,4,443,567,73,129,14
202303 ,서울,금천구,53,71,586,550,75,189,2,934,465,428,75,10
202303 ,서울,노원구,84,129,504,538,135,126,3,646,836,534,176,10
202303 ,서울,도봉구,92,77,30,623,81,745,2,529,593,173,124,8
202303 ,서울,동대문구,101,81,859,434,84,394,2,830,160,46,139,9
202303 ,서울,동작구,106,93,889,172,95,167,2,454,135,639,128,6
202303 ,서울,마포구,92,101,858,465,106,415,2,706,670,430,166,9
202303 ,서울,서대문구,206,77,411,262,80,879,2,214,439,761,131,6
202303 ,서울,서초구,179,151,151,845,156,175,3,117,713,944,172,10
202303 ,서울,성동구,118,82,308,297,90,723,1,990,899,935,181,8
202303 ,서울,성북구,96,105,432,127,107,655,3,63,1,4,239,148
202303 ,서울,송파구,133,206,859,213,214,205,4,367,1,6,174,158
202303 ,서울,양천구,121,127,697,505,132,323,3,324,756,139,136,11
202303 ,서울,영등포구,124,117,820,75,121,19,3,981,163,200,168,13
202303 ,서울,용산구,236,65,412,305,66,953,1,962,68,153,142,5
202303 ,서울,은평구,94,112,555,61,116,710,3,337,746,126,135,10
202303 ,서울,종로구,1,770,39,729,41,616,660,1,553,3,470,343
202303 ,서울,중구,284,44,504,751,47,539,1,842,223,861,177,5
202303 ,서울,중랑구,80,91,210,984,97,274,3,371,536,941,118,11
202304 ,서울,강남구,152,210,122,345,229,619,4,67,566,687,178,13
202304 ,서울,강동구,110,128,775,92,133,977,3,519,806,367,154,12
202304 ,서울,강북구,102,61,21,70,63,193,2,348,717,131,129,7
202304 ,서울,강서구,131,167,15,782,177,928,4,589,1,5,992,164
202304 ,서울,관악구,91,99,899,93,103,83,3,285,342,673,146,9
202304 ,서울,광진구,89,80,492,329,83,910,2,325,355,723,176,9
202304 ,서울,구로구,102,115,538,280,125,920,4,403,559,24,130,14
202304 ,서울,금천구,53,71,663,541,75,257,2,913,464,406,75,10
202304 ,서울,노원구,84,129,535,522,135,141,3,604,835,491,175,10
202304 ,서울,도봉구,93,76,998,602,81,693,2,526,595,172,123,8
202304 ,서울,동대문구,101,82,8,450,84,559,2,808,155,19,138,9
202304 ,서울,동작구,107,94,169,176,95,452,2,438,135,623,128,6
202304 ,서울,마포구,93,101,904,441,106,438,2,687,670,411,166,9
202304 ,서울,서대문구,205,77,529,266,81,0,2,197,440,745,131,6
202304 ,서울,서초구,185,151,51,785,156,21,3,99,710,939,179,10
202304 ,서울,성동구,118,82,277,314,90,709,1,958,883,887,181,8
202304 ,서울,성북구,91,105,530,128,107,749,3,48,1,4,228,145
202304 ,서울,송파구,132,206,996,158,214,286,4,308,1,6,112,160
202304 ,서울,양천구,125,127,794,430,132,349,3,322,758,139,136,11
202304 ,서울,영등포구,125,117,759,48,120,932,3,976,170,202,168,13
202304 ,서울,용산구,237,65,421,305,66,963,1,962,68,153,143,5
202304 ,서울,은평구,93,112,577,58,116,728,3,320,744,107,136,10
202304 ,서울,종로구,1,753,39,714,41,598,572,1,545,3,374,341
202304 ,서울,중구,288,44,453,686,47,427,1,848,224,889,180,5
202304 ,서울,중랑구,80,91,294,4,97,378,3,354,539,926,118,11
202305 ,서울,강남구,152,210,387,155,229,694,4,65,566,685,178,13
202305 ,서울,강동구,110,128,840,138,134,88,3,498,808,348,154,12
202305 ,서울,강북구,102,61,14,97,63,213,2,329,718,114,131,7
202305 ,서울,강서구,134,166,934,666,177,734,4,536,1,5,934,166
202305 ,서울,관악구,91,99,907,100,103,98,3,278,342,666,146,9
202305 ,서울,광진구,90,80,536,282,83,908,2,315,354,713,181,9
202305 ,서울,구로구,102,115,573,198,125,873,4,397,553,12,131,14
202305 ,서울,금천구,55,71,702,520,75,277,2,898,464,391,75,10
202305 ,서울,노원구,83,129,516,507,135,106,3,584,832,468,174,10
202305 ,서울,도봉구,94,76,994,665,81,753,2,508,601,160,124,8
202305 ,서울,동대문구,101,82,115,436,84,652,2,778,155,990,138,9
202305 ,서울,동작구,105,94,394,172,95,671,2,429,136,614,127,6
202305 ,서울,마포구,92,102,5,413,106,510,2,676,679,409,166,9
202305 ,서울,서대문구,185,77,580,210,80,975,2,180,430,713,131,6
202305 ,서울,서초구,185,151,360,750,156,295,3,78,691,900,179,10
202305 ,서울,성동구,120,82,181,277,90,578,1,935,894,876,181,8
202305 ,서울,성북구,97,105,533,128,107,758,3,40,1,4,220,145
202305 ,서울,송파구,130,206,913,172,214,215,4,286,1,6,88,166
202305 ,서울,양천구,126,127,797,427,132,350,3,281,757,99,138,11
202305 ,서울,영등포구,126,117,895,29,121,50,3,946,170,174,174,13
202305 ,서울,용산구,245,65,393,307,66,945,1,950,68,141,145,5
202305 ,서울,은평구,94,112,473,121,116,688,3,293,738,74,138,10
202305 ,서울,종로구,1,803,39,703,41,620,571,1,535,3,364,341
202305 ,서울,중구,287,44,273,992,46,552,1,846,218,926,182,5
202305 ,서울,중랑구,80,91,367,990,97,437,3,328,539,900,118,11
202306 ,서울,강남구,159,210,777,328,230,264,4,64,565,685,178,13
202306 ,서울,강동구,115,128,951,140,134,206,3,493,809,344,155,12
202306 ,서울,강북구,106,60,933,97,63,136,2,322,717,107,131,7
202306 ,서울,강서구,133,167,621,525,178,279,4,501,1,5,898,163
202306 ,서울,관악구,93,99,946,80,103,119,3,249,342,637,146,9
202306 ,서울,광진구,92,80,537,290,83,919,2,295,354,693,180,9
202306 ,서울,구로구,106,115,830,223,126,159,4,390,549,1,131,14
202306 ,서울,금천구,56,71,777,500,75,333,2,896,465,390,75,10
202306 ,서울,노원구,83,129,347,512,134,942,3,578,826,456,173,10
202306 ,서울,도봉구,94,76,956,670,81,720,2,484,601,136,125,8
202306 ,서울,동대문구,103,82,447,564,85,114,2,770,157,984,138,9
202306 ,서울,동작구,109,94,521,165,95,795,2,408,134,591,126,6
202306 ,서울,마포구,92,102,92,441,106,625,2,670,686,412,166,9
202306 ,서울,서대문구,203,77,624,206,81,33,2,167,429,697,131,5
202306 ,서울,서초구,199,151,818,727,156,744,3,69,690,891,180,10
202306 ,서울,성동구,120,82,241,155,90,516,1,916,894,857,180,8
202306 ,서울,성북구,96,105,597,129,107,822,3,29,1,4,208,145
202306 ,서울,송파구,131,207,312,188,214,631,4,276,1,6,85,166
202306 ,서울,양천구,127,127,768,393,132,288,3,284,757,102,140,11
202306 ,서울,영등포구,130,118,40,34,121,204,3,924,170,152,170,13
202306 ,서울,용산구,247,65,446,320,67,13,1,936,67,126,149,5
202306 ,서울,은평구,95,112,519,103,116,717,3,268,738,50,138,10
202306 ,서울,종로구,1,656,39,649,41,460,549,1,534,3,342,341
202306 ,서울,중구,287,44,38,908,46,233,1,853,218,933,183,5
202306 ,서울,중랑구,80,91,374,939,97,393,3,305,533,871,123,11
202307 ,서울,강남구,162,211,275,167,230,604,4,42,561,659,179,13
202307 ,서울,강동구,110,128,920,115,134,145,3,469,806,317,155,12
202307 ,서울,강북구,105,60,976,101,63,182,2,308,717,93,132,7
202307 ,서울,강서구,135,167,528,572,178,235,4,503,1,5,900,163
202307 ,서울,관악구,94,100,42,82,103,218,3,243,342,631,146,9
202307 ,서울,광진구,92,80,669,206,83,967,2,283,354,681,183,9
202307 ,서울,구로구,108,115,887,188,126,183,4,385,550,997,132,14
202307 ,서울,금천구,57,71,824,538,75,419,2,885,465,379,76,10
202307 ,서울,노원구,83,129,528,502,135,113,3,543,827,422,173,10
202307 ,서울,도봉구,95,76,894,683,81,672,2,485,604,139,125,8
202307 ,서울,동대문구,104,82,788,683,85,575,2,762,158,976,138,9
202307 ,서울,동작구,114,94,659,161,95,934,2,382,134,561,123,6
202307 ,서울,마포구,92,102,52,412,106,556,2,671,681,408,165,9
202307 ,서울,서대문구,206,77,666,217,81,89,2,152,428,680,132,5
202307 ,서울,서초구,188,151,910,124,156,222,3,59,692,884,181,10
202307 ,서울,성동구,123,82,244,103,90,470,1,888,889,824,179,8
202307 ,서울,성북구,96,105,576,123,107,795,3,16,1,4,193,144
202307 ,서울,송파구,131,207,384,192,214,707,4,259,1,6,67,166
202307 ,서울,양천구,127,127,754,413,132,294,3,274,754,88,140,11
202307 ,서울,영등포구,132,118,240,969,121,341,3,903,170,131,169,13
202307 ,서울,용산구,247,65,436,322,67,5,1,933,66,121,147,5
202307 ,서울,은평구,96,112,825,94,117,15,3,241,737,21,138,10
202307 ,서울,종로구,1,587,39,584,41,583,553,1,533,3,346,343
202307 ,서울,중구,297,43,839,851,45,987,1,842,224,932,183,5
202307 ,서울,중랑구,80,91,380,941,97,401,3,280,534,847,123,11
202308 ,서울,강남구,164,211,741,6,230,911,4,43,552,651,180,13
202308 ,서울,강동구,112,128,888,97,134,97,3,451,811,303,154,12
202308 ,서울,강북구,102,60,875,106,63,83,2,301,718,84,133,7
202308 ,서울,강서구,137,167,168,500,177,805,4,479,1,5,884,163
202308 ,서울,관악구,94,99,874,94,103,62,3,214,344,604,146,9
202308 ,서울,광진구,91,80,834,226,84,151,2,266,338,647,183,8
202308 ,서울,구로구,107,115,790,22,125,919,4,356,547,965,130,14
202308 ,서울,금천구,57,71,808,543,75,408,2,861,462,352,77,10
202308 ,서울,노원구,83,129,600,527,135,210,3,513,822,387,173,10
202308 ,서울,도봉구,94,76,785,690,81,569,2,469,591,110,125,8
202308 ,서울,동대문구,103,83,388,740,86,231,2,723,158,937,137,9
202308 ,서울,동작구,112,94,694,154,95,960,2,365,131,541,123,6
202308 ,서울,마포구,92,101,964,423,106,479,2,664,674,394,165,9
202308 ,서울,서대문구,207,77,588,217,81,12,2,141,426,668,132,5
202308 ,서울,서초구,187,151,948,95,156,230,3,19,688,839,180,10
202308 ,서울,성동구,123,82,113,881,90,117,1,896,889,832,175,8
202308 ,서울,성북구,96,105,471,129,107,696,3,7,1,4,185,144
202308 ,서울,송파구,132,207,113,215,214,460,4,231,1,6,39,165
202308 ,서울,양천구,126,127,766,455,132,347,3,272,753,86,141,11
202308 ,서울,영등포구,131,118,4,958,121,93,3,871,172,101,169,13
202308 ,서울,용산구,253,65,356,312,66,921,1,921,66,110,147,5
202308 ,서울,은평구,95,113,567,103,117,765,3,215,735,993,139,10
202308 ,서울,종로구,1,520,39,555,41,512,556,1,523,3,337,342
202308 ,서울,중구,296,43,676,777,45,749,1,838,222,846,183,5
202308 ,서울,중랑구,82,91,302,921,97,305,3,260,532,825,123,11
202309 ,서울,강남구,158,211,949,861,230,968,4,20,556,633,179,13
202309 ,서울,강동구,112,128,897,105,134,114,3,415,799,255,154,12
202309 ,서울,강북구,102,60,847,110,63,59,2,287,716,68,133,7
202309 ,서울,강서구,135,167,147,372,177,654,4,438,1,5,841,162
202309 ,서울,관악구,94,99,872,105,103,71,3,200,345,592,146,9
202309 ,서울,광진구,91,81,51,224,84,366,2,249,336,627,185,8
202309 ,서울,구로구,106,115,835,25,125,966,4,348,546,956,130,14
202309 ,서울,금천구,57,71,797,561,75,415,2,851,462,344,78,10
202309 ,서울,노원구,83,129,781,528,135,392,3,493,818,363,175,10
202309 ,서울,도봉구,94,76,731,699,81,524,2,445,591,86,128,8
202309 ,서울,동대문구,102,83,824,754,86,680,2,728,157,941,136,9
202309 ,서울,동작구,113,94,731,153,95,997,2,350,131,526,124,6
202309 ,서울,마포구,92,101,963,392,106,447,2,646,668,370,166,9
202309 ,서울,서대문구,208,77,620,220,81,48,2,133,425,661,133,5
202309 ,서울,서초구,187,152,741,96,157,24,3,5,684,821,183,10
202309 ,서울,성동구,120,82,92,921,90,133,1,890,894,832,175,8
202309 ,서울,성북구,96,105,497,122,107,715,2,984,1,4,163,145
202309 ,서울,송파구,129,207,324,282,214,735,4,208,1,5,997,166
202309 ,서울,양천구,127,127,915,452,132,494,3,245,755,62,142,11
202309 ,서울,영등포구,130,118,155,951,121,236,3,869,172,100,169,13
202309 ,서울,용산구,254,65,343,295,66,892,1,914,68,105,146,5
202309 ,서울,은평구,101,114,146,114,118,361,3,202,734,980,138,10
202309 ,서울,종로구,1,515,39,554,41,544,521,1,517,3,296,343
202309 ,서울,중구,298,43,451,714,45,463,1,841,219,847,183,5
202309 ,서울,중랑구,81,91,372,934,97,387,3,234,532,798,124,11
202310 ,서울,강남구,159,212,274,962,231,395,4,30,550,636,179,13
202310 ,서울,강동구,113,128,922,59,134,94,3,399,794,234,154,12
202310 ,서울,강북구,102,60,695,113,62,910,2,254,718,37,133,7
202310 ,서울,강서구,134,167,262,314,177,710,4,389,1,5,794,161
202310 ,서울,관악구,93,99,836,109,103,38,3,155,345,547,146,9
202310 ,서울,광진구,91,81,44,123,84,258,2,237,332,611,184,8
202310 ,서울,구로구,107,115,828,988,125,923,4,310,535,906,128,14
202310 ,서울,금천구,56,71,757,550,75,363,2,825,464,320,78,10
202310 ,서울,노원구,83,129,771,515,135,369,3,469,818,339,177,10
202310 ,서울,도봉구,94,76,699,709,81,502,2,432,584,66,127,8
202310 ,서울,동대문구,102,84,87,800,86,989,2,712,155,923,137,9
202310 ,서울,동작구,113,94,615,150,95,878,2,344,132,522,125,6
202310 ,서울,마포구,95,101,885,380,106,360,2,651,659,366,165,9
202310 ,서울,서대문구,207,77,559,230,80,996,2,127,422,652,135,5
202310 ,서울,서초구,184,152,688,36,156,908,2,988,655,775,181,10
202310 ,서울,성동구,121,82,18,576,90,715,1,868,904,820,175,8
202310 ,서울,성북구,96,105,482,129,107,707,2,962,1,4,144,145
202310 ,서울,송파구,130,207,375,330,214,835,4,166,1,5,960,165
202310 ,서울,양천구,127,127,918,438,132,483,3,223,756,41,141,11
202310 ,서울,영등포구,130,118,159,948,121,237,3,865,173,97,168,13
202310 ,서울,용산구,252,65,235,294,66,781,1,901,68,92,145,5
202310 ,서울,은평구,101,114,470,109,118,680,3,181,737,962,141,10
202310 ,서울,종로구,1,516,39,550,41,555,524,1,508,3,291,346
202310 ,서울,중구,304,43,215,628,45,147,1,837,219,841,184,5
202310 ,서울,중랑구,82,91,317,883,97,282,3,203,531,766,124,11
202311 ,서울,강남구,161,212,390,512,231,63,4,26,546,629,181,13
202311 ,서울,강동구,112,129,135,67,134,314,3,376,799,216,154,12
202311 ,서울,강북구,102,60,651,100,62,853,2,246,717,29,135,7
202311 ,서울,강서구,134,167,859,181,178,174,4,362,1,5,755,163
202311 ,서울,관악구,92,99,764,98,102,954,3,137,345,528,145,9
202311 ,서울,광진구,93,80,988,103,84,184,2,229,336,609,183,8
202311 ,서울,구로구,107,115,780,957,125,844,4,274,533,870,128,14
202311 ,서울,금천구,56,71,779,531,75,366,2,801,464,296,79,10
202311 ,서울,노원구,83,129,843,500,135,426,3,466,816,335,177,10
202311 ,서울,도봉구,94,76,756,696,81,546,2,421,594,65,129,8
202311 ,서울,동대문구,103,84,245,815,87,163,2,678,153,888,138,9
202311 ,서울,동작구,114,94,630,148,95,892,2,320,132,499,126,6
202311 ,서울,마포구,95,102,5,347,106,447,2,637,635,325,171,9
202311 ,서울,서대문구,207,77,594,215,81,16,2,105,403,609,136,5
202311 ,서울,서초구,179,152,815,37,157,31,2,986,647,766,182,10
202311 ,서울,성동구,121,82,110,536,90,767,1,860,923,832,175,8
202311 ,서울,성북구,96,105,478,134,107,708,2,957,1,4,140,145
202311 ,서울,송파구,128,207,431,277,214,836,4,159,1,5,925,165
202311 ,서울,양천구,127,128,23,420,132,570,3,201,753,16,141,11
202311 ,서울,영등포구,125,118,310,976,121,411,3,851,172,82,165,13
202311 ,서울,용산구,253,65,75,274,66,602,1,882,67,73,153,5
202311 ,서울,은평구,101,114,571,120,118,792,3,143,738,925,140,10
202311 ,서울,종로구,1,515,39,547,41,574,524,1,501,3,282,349
202311 ,서울,중구,300,42,994,576,44,870,1,826,216,847,181,5
202311 ,서울,중랑구,82,91,314,903,97,299,3,172,529,733,124,11
202312 ,서울,강남구,156,214,156,168,232,480,3,998,546,601,180,13
202312 ,서울,강동구,113,129,380,55,134,548,3,381,789,211,148,12
202312 ,서울,강북구,105,60,580,105,62,790,2,228,717,10,132,7
202312 ,서울,강서구,134,168,214,66,178,414,4,339,1,5,720,168
202312 ,서울,관악구,92,99,596,90,102,778,3,129,346,522,144,9
202312 ,서울,광진구,93,80,880,85,84,58,2,222,334,601,182,8
202312 ,서울,구로구,107,115,645,918,125,670,4,256,530,849,129,13
202312 ,서울,금천구,55,71,744,518,75,317,2,793,455,279,74,10
202312 ,서울,노원구,83,129,767,496,135,346,3,438,815,309,174,10
202312 ,서울,도봉구,92,76,763,664,81,519,2,403,582,33,125,8
202312 ,서울,동대문구,104,84,257,879,87,240,2,674,152,883,136,9
202312 ,서울,동작구,110,94,584,144,95,838,2,308,133,488,122,6
202312 ,서울,마포구,95,101,937,325,106,357,2,636,633,324,172,9
202312 ,서울,서대문구,207,77,539,208,80,954,2,105,404,610,133,5
202312 ,서울,서초구,178,152,891,992,157,61,3,13,644,792,182,10
202312 ,서울,성동구,129,82,202,443,90,774,1,866,926,842,175,8
202312 ,서울,성북구,96,105,387,126,107,609,2,954,1,4,134,142
202312 ,서울,송파구,127,207,167,292,214,586,4,142,1,5,892,165
202312 ,서울,양천구,127,127,890,414,132,431,3,187,751,998,141,11
202312 ,서울,영등포구,125,118,319,945,121,389,3,848,173,80,166,13
202312 ,서울,용산구,250,64,908,288,66,446,1,880,67,70,154,5
202312 ,서울,은평구,100,114,497,125,118,722,3,118,737,899,141,9
202312 ,서울,종로구,1,579,39,560,41,598,535,1,502,3,303,348
202312 ,서울,중구,298,42,868,533,44,699,1,817,213,892,180,5
202312 ,서울,중랑구,83,91,504,905,97,492,3,151,542,725,121,11
202401 ,서울,강남구,154,215,268,940,233,362,4,24,543,624,179,13
202401 ,서울,강동구,114,129,486,41,134,641,3,357,800,198,148,12
202401 ,서울,강북구,105,60,527,98,62,730,2,221,718,6,132,7
202401 ,서울,강서구,135,168,140,873,178,148,4,338,1,5,714,170
202401 ,서울,관악구,91,99,635,79,102,805,3,122,347,516,145,9
202401 ,서울,광진구,93,80,891,64,84,48,2,206,331,582,175,8
202401 ,서울,구로구,107,115,687,885,125,679,4,234,533,829,129,13
202401 ,서울,금천구,55,71,729,480,75,264,2,774,450,255,74,10
202401 ,서울,노원구,83,129,730,464,135,277,3,430,785,271,175,9
202401 ,서울,도봉구,92,76,748,656,81,496,2,382,582,12,125,8
202401 ,서울,동대문구,103,84,309,897,87,309,2,666,154,875,138,9
202401 ,서울,동작구,111,94,545,174,95,830,2,311,135,493,122,6
202401 ,서울,마포구,95,101,936,264,106,295,2,623,625,302,172,9
202401 ,서울,서대문구,196,77,579,215,80,990,2,74,401,574,129,5
202401 ,서울,서초구,178,152,590,51,156,819,3,8,662,804,181,10
202401 ,서울,성동구,131,82,331,751,91,213,1,861,953,864,178,8
202401 ,서울,성북구,95,105,347,47,107,489,2,942,1,4,104,144
202401 ,서울,송파구,127,207,7,248,214,382,4,120,1,5,852,165
202401 ,서울,양천구,128,128,184,401,132,713,3,169,755,984,140,11
202401 ,서울,영등포구,125,118,489,955,121,569,3,821,173,52,166,13
202401 ,서울,용산구,251,64,717,303,66,271,1,859,65,46,154,5
202401 ,서울,은평구,99,114,501,57,118,657,3,107,730,881,139,9
202401 ,서울,종로구,1,649,39,550,41,682,534,1,506,3,302,346
202401 ,서울,중구,298,42,612,507,44,417,1,810,222,894,178,5
202401 ,서울,중랑구,83,91,639,934,97,656,3,120,558,710,121,11
202402 ,서울,강남구,154,217,167,423,234,744,4,19,535,611,178,13
202402 ,서울,강동구,107,129,782,16,134,905,3,357,803,201,148,12
202402 ,서울,강북구,106,60,478,93,62,677,2,212,718,997,132,7
202402 ,서울,강서구,135,167,515,766,177,416,4,326,1,5,703,168
202402 ,서울,관악구,91,99,507,60,102,658,3,109,346,501,144,9
202402 ,서울,광진구,93,80,763,31,83,887,2,202,331,578,175,8
202402 ,서울,구로구,107,115,571,868,125,546,4,213,532,807,129,13
202402 ,서울,금천구,58,71,702,476,75,236,2,758,450,239,72,10
202402 ,서울,노원구,84,129,689,463,135,236,3,413,780,251,175,9
202402 ,서울,도봉구,92,76,705,643,81,440,2,370,591,9,125,8
202402 ,서울,동대문구,102,84,302,894,87,298,2,664,154,873,132,9
202402 ,서울,동작구,111,94,422,139,95,672,2,305,132,484,122,6
202402 ,서울,마포구,95,101,740,212,106,47,2,612,624,290,172,9
202402 ,서울,서대문구,196,77,623,216,81,35,2,79,404,582,131,5
202402 ,서울,서초구,173,152,578,949,156,700,2,992,663,785,181,10
202402 ,서울,성동구,131,82,260,753,91,144,1,867,962,878,176,8
202402 ,서울,성북구,95,105,227,41,107,363,2,929,1,4,89,143
202402 ,서울,송파구,127,207,281,280,214,688,4,101,1,5,847,163
202402 ,서울,양천구,130,128,393,374,132,897,3,180,756,996,140,11
202402 ,서울,영등포구,126,118,454,930,121,510,3,802,177,37,166,13
202402 ,서울,용산구,248,64,540,294,66,82,1,846,71,38,153,5
202402 ,서울,은평구,99,114,406,61,118,566,3,87,729,861,139,9
202402 ,서울,종로구,1,652,39,547,41,658,535,1,500,3,292,347
202402 ,서울,중구,296,42,428,482,44,206,1,803,217,881,176,5
202402 ,서울,중랑구,83,91,711,919,97,713,3,108,559,699,122,11
202403 ,서울,강남구,154,217,524,38,234,716,3,986,533,577,178,13
202403 ,서울,강동구,107,130,110,976,135,193,3,336,798,175,147,12
202403 ,서울,강북구,107,60,324,91,62,522,2,188,718,973,132,6
202403 ,서울,강서구,135,167,537,656,177,328,4,300,1,5,675,167
202403 ,서울,관악구,89,99,440,53,102,582,3,83,346,475,143,9
202403 ,서울,광진구,92,80,662,13,83,767,2,190,334,569,175,8
202403 ,서울,구로구,106,115,590,17,125,713,4,154,538,754,129,13
202403 ,서울,금천구,58,71,800,440,75,298,2,709,451,192,72,10
202403 ,서울,노원구,85,129,620,453,135,158,3,391,773,222,174,9
202403 ,서울,도봉구,91,76,681,623,81,395,2,352,575,975,125,8
202403 ,서울,동대문구,101,84,444,900,87,445,2,642,154,851,131,9
202403 ,서울,동작구,111,94,504,122,95,737,2,268,131,446,122,6
202403 ,서울,마포구,93,101,803,188,106,84,2,595,620,269,170,9
202403 ,서울,서대문구,197,77,606,225,81,28,2,65,401,565,129,5
202403 ,서울,서초구,172,152,542,972,156,686,2,974,665,768,181,10
202403 ,서울,성동구,131,82,262,640,91,33,1,863,956,868,176,8
202403 ,서울,성북구,94,105,211,43,107,348,2,910,1,4,57,143
202403 ,서울,송파구,128,207,115,270,214,513,4,99,1,5,853,163
202403 ,서울,양천구,129,127,854,361,132,344,3,114,756,930,140,11
202403 ,서울,영등포구,126,118,455,950,121,531,3,793,179,30,167,13
202403 ,서울,용산구,246,64,323,278,65,847,1,819,72,12,153,5
202403 ,서울,은평구,99,114,527,47,118,673,3,54,730,829,139,9
202403 ,서울,종로구,1,669,39,245,41,364,537,1,486,3,271,346
202403 ,서울,중구,297,42,304,764,44,365,1,793,228,882,176,5
202403 ,서울,중랑구,84,91,698,934,97,716,3,67,570,669,122,11
202404 ,서울,강남구,154,217,733,813,234,700,3,984,531,573,179,13
202404 ,서울,강동구,108,130,444,970,135,522,3,308,732,81,147,12
202404 ,서울,강북구,107,60,285,79,62,471,2,174,717,958,132,6
202404 ,서울,강서구,135,167,543,483,177,161,4,289,1,5,655,169
202404 ,서울,관악구,90,99,437,34,102,561,3,60,347,452,143,9
202404 ,서울,광진구,92,80,705,34,83,831,2,172,334,551,173,8
202404 ,서울,구로구,106,115,570,992,125,668,4,110,584,756,127,13
202404 ,서울,금천구,58,71,782,414,75,254,2,698,451,181,72,10
202404 ,서울,노원구,83,129,687,446,135,216,3,388,771,213,177,9
202404 ,서울,도봉구,92,76,655,619,81,366,2,330,635,13,125,8
202404 ,서울,동대문구,100,84,548,887,87,535,2,629,142,825,131,9
202404 ,서울,동작구,111,94,610,114,95,835,2,248,132,427,122,6
202404 ,서울,마포구,93,101,846,186,106,125,2,578,623,255,177,9
202404 ,서울,서대문구,197,77,645,260,81,102,2,52,400,552,130,5
202404 ,서울,서초구,172,152,561,918,156,651,2,968,666,763,187,10
202404 ,서울,성동구,131,82,289,711,91,131,1,851,960,858,176,8
202404 ,서울,성북구,94,105,236,42,107,372,2,894,1,4,42,138
202404 ,서울,송파구,127,207,155,316,214,598,4,67,1,5,787,164
202404 ,서울,양천구,129,127,483,353,131,965,3,114,760,934,142,11
202404 ,서울,영등포구,129,118,551,927,121,607,3,758,179,995,168,13
202404 ,서울,용산구,248,64,49,258,65,555,1,808,73,999,153,4
202404 ,서울,은평구,100,114,534,53,118,687,3,35,743,823,140,9
202404 ,서울,종로구,1,671,39,239,41,291,536,1,482,3,267,347
202404 ,서울,중구,299,42,92,733,44,124,1,791,232,883,175,5
202404 ,서울,중랑구,84,91,736,906,97,726,3,52,573,658,122,11
202405 ,서울,강남구,153,218,216,595,234,964,3,957,534,549,179,13
202405 ,서울,강동구,108,130,717,948,135,773,3,284,730,55,146,11
202405 ,서울,강북구,108,60,247,80,62,435,2,157,716,941,132,6
202405 ,서울,강서구,133,167,760,291,177,184,4,274,1,5,640,167
202405 ,서울,관악구,90,99,475,40,102,605,3,49,346,440,143,9
202405 ,서울,광진구,92,80,732,39,83,863,2,153,336,534,172,8
202405 ,서울,구로구,107,115,550,830,125,487,4,76,585,723,127,13
202405 ,서울,금천구,58,71,786,389,75,233,2,672,452,156,72,10
202405 ,서울,노원구,83,129,619,452,135,154,3,374,770,198,177,9
202405 ,서울,도봉구,92,76,631,603,81,326,2,316,631,995,124,7
202405 ,서울,동대문구,100,84,564,917,87,581,2,608,146,807,131,9
202405 ,서울,동작구,111,94,712,107,95,930,2,237,131,414,124,6
202405 ,서울,마포구,94,101,911,197,106,202,2,556,637,248,179,9
202405 ,서울,서대문구,200,77,698,298,81,196,2,47,402,555,141,5
202405 ,서울,서초구,206,152,523,880,156,609,2,948,671,748,182,10
202405 ,서울,성동구,131,82,350,778,91,259,1,838,953,837,179,8
202405 ,서울,성북구,94,105,272,22,107,388,2,860,1,4,9,138
202405 ,서울,송파구,126,207,215,376,214,717,4,63,1,5,793,163
202405 ,서울,양천구,129,127,459,328,131,916,3,92,762,914,143,11
202405 ,서울,영등포구,130,118,614,940,121,684,3,714,178,950,168,13
202405 ,서울,용산구,255,63,874,276,65,405,1,787,73,978,154,4
202405 ,서울,은평구,100,114,579,53,118,732,3,14,741,801,139,9
202405 ,서울,종로구,1,672,39,240,41,295,535,1,479,3,262,347
202405 ,서울,중구,299,41,871,709,43,879,1,779,231,868,176,5
202405 ,서울,중랑구,78,91,873,903,97,854,3,51,571,655,121,11
202406 ,서울,강남구,152,218,463,319,235,934,3,934,562,554,180,13
202406 ,서울,강동구,108,131,107,945,136,160,3,260,705,6,146,11
202406 ,서울,강북구,106,60,200,63,62,369,2,136,713,918,132,6
202406 ,서울,강서구,136,167,917,288,177,341,4,261,1,5,615,167
202406 ,서울,관악구,90,99,428,22,102,540,3,21,346,412,143,9
202406 ,서울,광진구,92,80,620,84,83,796,2,139,341,524,172,8
202406 ,서울,구로구,107,115,548,701,125,356,4,43,585,690,127,13
202406 ,서울,금천구,57,71,715,380,75,152,2,671,452,155,72,10
202406 ,서울,노원구,84,129,587,507,135,178,3,348,766,168,176,9
202406 ,서울,도봉구,92,76,579,600,81,271,2,308,599,955,125,7
202406 ,서울,동대문구,101,84,549,938,87,588,2,573,146,773,131,9
202406 ,서울,동작구,112,94,797,96,96,5,2,236,132,414,125,6
202406 ,서울,마포구,94,101,896,240,106,230,2,535,633,223,180,9
202406 ,서울,서대문구,207,77,745,377,81,329,2,39,400,544,140,5
202406 ,서울,서초구,178,152,864,909,156,951,2,947,650,727,182,10
202406 ,서울,성동구,131,82,495,974,91,600,1,818,992,856,177,8
202406 ,서울,성북구,94,105,340,11,107,445,2,835,1,3,984,138
202406 ,서울,송파구,124,207,228,458,214,810,4,47,1,5,780,161
202406 ,서울,양천구,130,127,359,307,131,796,3,80,760,900,144,11
202406 ,서울,영등포구,128,118,767,930,121,825,3,696,179,934,168,13
202406 ,서울,용산구,258,63,834,276,65,368,1,783,73,974,154,5
202406 ,서울,은평구,100,114,409,51,118,560,2,977,740,763,139,9
202406 ,서울,종로구,1,626,39,242,41,191,535,1,463,3,245,344
202406 ,서울,중구,299,41,700,692,43,691,1,778,233,870,176,5
202406 ,서울,중랑구,78,91,898,959,97,935,3,32,571,636,121,11
202407 ,서울,강남구,151,218,439,130,235,720,3,927,573,559,179,13
202407 ,서울,강동구,110,131,523,941,136,574,3,272,684,997,145,11
202407 ,서울,강북구,107,60,126,85,62,318,2,109,713,891,130,6
202407 ,서울,강서구,135,167,613,282,177,30,4,190,1,5,544,167
202407 ,서울,관악구,89,99,321,29,102,439,2,993,345,383,143,9
202407 ,서울,광진구,92,80,537,91,83,720,2,105,330,481,172,8
202407 ,서울,구로구,108,115,501,627,125,236,3,972,586,620,127,13
202407 ,서울,금천구,60,71,801,388,75,249,2,646,452,130,73,10
202407 ,서울,노원구,84,129,615,612,135,311,3,311,766,133,175,9
202407 ,서울,도봉구,92,76,504,643,81,239,2,274,588,910,129,7
202407 ,서울,동대문구,102,84,586,909,87,597,2,564,132,750,131,9
202407 ,서울,동작구,114,94,843,67,96,24,2,208,130,382,135,6
202407 ,서울,마포구,94,101,922,255,106,271,2,516,635,206,182,9
202407 ,서울,서대문구,210,77,718,414,81,342,2,3,401,509,140,5
202407 ,서울,서초구,186,153,36,849,157,71,2,938,647,722,184,10
202407 ,서울,성동구,131,82,387,886,91,404,1,806,988,840,177,8
202407 ,서울,성북구,96,105,373,5,107,474,2,795,1,3,947,138
202407 ,서울,송파구,131,207,74,539,214,744,3,999,1,5,740,160
202407 ,서울,양천구,131,127,355,366,131,852,3,66,734,861,145,11
202407 ,서울,영등포구,128,118,726,920,121,774,3,652,177,891,167,13
202407 ,서울,용산구,258,63,715,273,65,246,1,768,72,958,153,4
202407 ,서울,은평구,100,114,333,44,118,477,2,949,740,735,140,9
202407 ,서울,종로구,1,654,39,237,41,309,533,1,447,3,229,339
202407 ,서울,중구,301,41,533,655,43,489,1,753,229,838,176,5
202407 ,서울,중랑구,78,91,962,976,98,16,2,999,570,602,122,11
202408 ,서울,강남구,160,218,724,964,235,848,3,923,570,554,189,13
202408 ,서울,강동구,110,132,52,939,137,101,3,258,679,978,145,11
202408 ,서울,강북구,107,60,92,88,62,287,2,92,714,875,130,6
202408 ,서울,강서구,136,167,155,214,176,505,4,178,1,5,531,167
202408 ,서울,관악구,89,99,193,24,102,306,2,978,345,368,139,9
202408 ,서울,광진구,91,80,461,105,83,657,2,85,326,456,172,8
202408 ,서울,구로구,108,115,461,532,125,101,3,941,578,581,128,13
202408 ,서울,금천구,60,71,811,385,75,256,2,619,451,102,74,10
202408 ,서울,노원구,84,129,663,611,135,358,3,289,770,113,175,9
202408 ,서울,도봉구,92,76,344,639,81,75,2,252,578,878,129,7
202408 ,서울,동대문구,106,84,542,912,87,560,2,541,131,727,131,9
202408 ,서울,동작구,115,94,686,119,95,920,2,189,130,364,135,6
202408 ,서울,마포구,95,101,855,234,106,184,2,493,639,187,177,9
202408 ,서울,서대문구,209,77,691,436,81,336,1,983,402,491,134,5
202408 ,서울,서초구,176,153,184,805,157,165,2,940,646,720,183,10
202408 ,서울,성동구,132,82,131,166,91,429,1,792,982,820,179,8
202408 ,서울,성북구,96,105,369,5,107,470,2,781,1,3,934,138
202408 ,서울,송파구,130,206,948,592,214,670,3,962,1,5,698,160
202408 ,서울,양천구,131,127,351,393,131,875,3,36,730,827,147,11
202408 ,서울,영등포구,128,118,418,918,121,464,3,621,180,862,168,13
202408 ,서울,용산구,260,63,683,279,65,222,1,767,77,962,154,4
202408 ,서울,은평구,101,114,108,38,118,247,2,931,743,721,143,9
202408 ,서울,종로구,1,654,39,236,41,287,540,1,432,3,221,340
202408 ,서울,중구,301,41,335,605,43,241,1,747,231,835,177,5
202408 ,서울,중랑구,78,91,894,967,97,939,2,968,580,581,125,11
202409 ,서울,강남구,162,218,929,437,235,528,3,909,561,533,188,13
202409 ,서울,강동구,110,132,178,162,137,450,3,232,662,935,144,11
202409 ,서울,강북구,109,60,227,87,62,423,2,77,714,860,128,6
202409 ,서울,강서구,137,167,135,170,176,442,4,139,1,5,495,167
202409 ,서울,관악구,89,99,155,16,102,260,2,952,345,342,138,9
202409 ,서울,광진구,91,80,388,136,83,615,2,64,332,441,172,8
202409 ,서울,구로구,109,115,569,473,125,151,3,917,575,554,129,13
202409 ,서울,금천구,60,71,817,335,75,212,2,580,450,63,74,10
202409 ,서울,노원구,84,129,603,619,135,306,3,275,766,95,176,9
202409 ,서울,도봉구,92,76,305,620,81,17,2,240,578,866,128,7
202409 ,서울,동대문구,106,84,719,945,87,770,2,521,132,711,130,9
202409 ,서울,동작구,117,94,781,117,96,15,2,176,129,350,135,6
202409 ,서울,마포구,96,101,909,242,106,247,2,468,647,171,175,9
202409 ,서울,서대문구,210,77,678,441,81,329,1,968,402,476,133,5
202409 ,서울,서초구,177,153,500,817,157,494,2,930,648,709,184,10
202409 ,서울,성동구,132,82,49,179,91,360,1,766,977,789,178,8
202409 ,서울,성북구,95,105,355,1,107,451,2,753,1,3,907,140
202409 ,서울,송파구,130,207,76,567,214,773,3,950,1,5,678,160
202409 ,서울,양천구,130,127,384,417,131,931,3,24,733,818,146,11
202409 ,서울,영등포구,127,118,575,906,121,608,3,598,182,842,170,13
202409 ,서울,용산구,262,63,707,275,65,244,1,753,76,947,155,4
202409 ,서울,은평구,101,114,103,30,118,234,2,916,743,706,141,9
202409 ,서울,종로구,1,640,39,240,41,292,516,1,425,3,190,340
202409 ,서울,중구,298,41,293,562,43,153,1,745,232,835,176,5
202409 ,서울,중랑구,78,91,897,957,97,932,2,948,580,561,125,11
202410 ,서울,강남구,162,219,56,409,233,627,3,881,559,503,189,13
202410 ,서울,강동구,110,132,559,147,137,816,3,225,636,902,144,11
202410 ,서울,강북구,108,60,350,91,62,549,2,71,715,855,129,6
202410 ,서울,강서구,138,167,574,209,176,921,4,111,1,5,475,162
202410 ,서울,관악구,90,98,886,994,101,970,2,926,345,316,139,8
202410 ,서울,광진구,90,80,316,73,83,479,2,37,332,414,169,8
202410 ,서울,구로구,110,115,537,393,125,40,3,904,567,533,130,13
202410 ,서울,금천구,59,71,795,312,75,166,2,555,449,37,74,10
202410 ,서울,노원구,85,129,402,627,135,114,3,250,766,70,176,9
202410 ,서울,도봉구,92,76,182,599,80,873,2,220,570,838,129,7
202410 ,서울,동대문구,107,84,749,949,87,805,2,505,132,698,132,9
202410 ,서울,동작구,118,94,799,118,96,35,2,156,129,330,135,6
202410 ,서울,마포구,94,101,820,266,106,180,2,452,650,158,171,9
202410 ,서울,서대문구,210,77,555,444,81,209,1,960,403,469,133,5
202410 ,서울,서초구,176,153,700,735,157,611,2,934,657,719,184,10
202410 ,서울,성동구,132,81,960,91,91,183,1,762,977,785,179,8
202410 ,서울,성북구,93,105,333,998,107,424,2,738,1,3,890,140
202410 ,서울,송파구,129,207,235,548,214,912,3,919,1,5,631,160
202410 ,서울,양천구,129,127,320,434,131,883,2,996,734,791,144,10
202410 ,서울,영등포구,127,118,556,906,121,589,3,565,180,807,170,13
202410 ,서울,용산구,263,63,615,258,65,136,1,730,79,928,160,4
202410 ,서울,은평구,101,113,954,25,118,80,2,890,743,680,143,9
202410 ,서울,종로구,1,634,39,236,41,215,512,1,411,3,172,337
202410 ,서울,중구,298,41,192,500,42,990,1,736,230,778,175,5
202410 ,서울,중랑구,78,91,798,958,97,834,2,925,568,526,122,11
202411 ,서울,강남구,161,219,173,71,233,405,3,858,557,477,190,13
202411 ,서울,강동구,109,133,624,119,138,852,3,234,635,910,144,11
202411 ,서울,강북구,113,60,333,88,62,534,2,59,717,845,130,6
202411 ,서울,강서구,138,168,254,549,176,941,4,79,1,5,442,162
202411 ,서울,관악구,90,98,752,25,101,867,2,906,346,298,138,8
202411 ,서울,광진구,89,80,246,991,83,326,2,27,332,402,168,8
202411 ,서울,구로구,110,115,474,377,124,961,3,860,591,512,130,13
202411 ,서울,금천구,58,71,722,323,75,103,2,535,449,18,73,10
202411 ,서울,노원구,81,129,379,650,135,110,3,221,765,38,176,9
202411 ,서울,도봉구,92,76,173,581,80,846,2,211,561,820,128,7
202411 ,서울,동대문구,108,84,639,954,87,701,2,474,130,660,128,9
202411 ,서울,동작구,117,94,807,111,96,35,2,138,128,310,135,6
202411 ,서울,마포구,95,101,885,283,106,263,2,435,652,143,171,9
202411 ,서울,서대문구,205,77,539,446,81,190,1,942,402,445,134,5
202411 ,서울,서초구,182,153,856,737,157,775,2,927,658,719,183,10
202411 ,서울,성동구,131,82,31,996,91,158,1,739,975,760,177,8
202411 ,서울,성북구,91,105,351,985,107,427,2,724,1,3,877,139
202411 ,서울,송파구,130,207,361,536,215,27,3,900,1,5,612,160
202411 ,서울,양천구,129,127,268,450,131,847,2,964,734,760,145,10
202411 ,서울,영등포구,127,118,610,925,121,662,3,544,182,788,171,12
202411 ,서울,용산구,263,63,620,162,65,45,1,737,77,935,159,4
202411 ,서울,은평구,101,113,921,31,118,53,2,883,743,672,142,9
202411 ,서울,종로구,1,634,39,239,41,175,516,1,410,3,178,337
202411 ,서울,중구,294,40,977,71,43,342,1,740,249,800,170,4
202411 ,서울,중랑구,78,91,753,971,97,802,2,900,568,501,123,11
202412 ,서울,강남구,162,219,170,347,233,679,3,842,559,462,187,13
202412 ,서울,강동구,106,136,733,126,141,965,3,229,629,899,146,11
202412 ,서울,강북구,111,60,294,86,62,491,2,53,717,838,133,6
202412 ,서울,강서구,138,168,464,528,177,130,4,70,1,5,444,162
202412 ,서울,관악구,90,98,650,23,101,763,2,891,347,283,144,8
202412 ,서울,광진구,89,80,86,956,83,131,2,18,326,388,168,8
202412 ,서울,구로구,110,115,193,149,124,452,3,822,566,449,125,13
202412 ,서울,금천구,56,71,715,310,75,81,2,512,446,991,73,10
202412 ,서울,노원구,81,129,273,600,134,954,3,200,752,4,175,9
202412 ,서울,도봉구,92,76,137,581,80,810,2,188,565,801,124,7
202412 ,서울,동대문구,109,84,500,959,87,568,2,476,126,660,127,9
202412 ,서울,동작구,117,94,670,110,95,897,2,125,128,297,134,6
202412 ,서울,마포구,97,101,747,273,106,117,2,429,654,139,171,9
202412 ,서울,서대문구,205,77,391,444,81,40,1,931,403,435,134,5
202412 ,서울,서초구,178,153,948,692,157,818,2,914,651,698,182,10
202412 ,서울,성동구,132,82,22,756,90,910,1,739,963,749,176,8
202412 ,서울,성북구,91,105,298,993,107,382,2,702,1,3,853,142
202412 ,서울,송파구,128,206,771,477,214,376,3,879,1,5,600,158
202412 ,서울,양천구,130,127,244,451,131,825,2,962,733,759,144,10
202412 ,서울,영등포구,125,118,437,929,121,491,3,512,187,762,174,12
202412 ,서울,용산구,261,63,515,160,64,936,1,726,75,926,155,4
202412 ,서울,은평구,101,113,914,50,118,65,2,853,748,647,139,9
202412 ,서울,종로구,1,647,39,254,41,163,508,1,396,3,158,337
202412 ,서울,중구,296,40,747,957,43,0,1,729,251,791,175,4
202412 ,서울,중랑구,78,91,673,10,97,761,2,887,576,496,122,11
202501 ,서울,강남구,159,219,66,177,233,402,3,838,555,454,187,13
202501 ,서울,강동구,107,139,186,133,144,426,3,234,629,904,147,11
202501 ,서울,강북구,111,60,308,91,62,510,2,46,715,829,132,6
202501 ,서울,강서구,138,167,862,491,176,491,4,93,1,5,459,162
202501 ,서울,관악구,90,98,665,21,101,776,2,886,347,277,144,8
202501 ,서울,광진구,89,80,72,940,83,101,2,6,315,365,168,8
202501 ,서울,구로구,111,115,48,104,124,263,3,799,566,427,125,13
202501 ,서울,금천구,57,71,759,66,74,882,2,514,445,992,73,10
202501 ,서울,노원구,81,129,224,603,134,908,3,187,753,992,175,9
202501 ,서울,도봉구,91,76,179,613,80,883,2,182,555,785,124,7
202501 ,서울,동대문구,106,84,656,931,87,693,2,466,125,649,128,9
202501 ,서울,동작구,116,94,580,109,95,805,2,110,128,282,135,6
202501 ,서울,마포구,97,101,695,199,105,991,2,426,650,131,171,9
202501 ,서울,서대문구,205,77,353,440,80,998,1,932,400,433,135,5
202501 ,서울,서초구,172,153,574,673,157,419,2,919,650,700,183,10
202501 ,서울,성동구,131,82,16,41,91,188,1,726,960,733,176,8
202501 ,서울,성북구,92,105,216,985,107,293,2,679,1,3,827,141
202501 ,서울,송파구,128,206,481,482,214,91,3,862,1,5,572,158
202501 ,서울,양천구,130,127,266,675,132,71,2,950,734,748,144,10
202501 ,서울,영등포구,125,118,294,902,121,321,3,486,184,733,174,12
202501 ,서울,용산구,260,63,485,164,64,909,1,715,75,914,154,4
202501 ,서울,은평구,100,114,83,79,118,262,2,837,749,632,139,9
202501 ,서울,종로구,1,695,39,241,41,239,498,1,379,3,128,335
202501 ,서울,중구,299,40,566,867,42,732,1,720,247,779,175,4
202501 ,서울,중랑구,78,91,625,8,97,711,2,872,579,484,121,11
202502 ,서울,강남구,158,218,816,53,233,27,3,810,546,417,187,13
202502 ,서울,강동구,108,141,888,109,147,105,3,240,628,910,147,11
202502 ,서울,강북구,113,60,246,91,62,450,2,28,715,811,132,6
202502 ,서울,강서구,137,167,122,445,175,704,4,60,1,5,423,163
202502 ,서울,관악구,89,98,611,17,101,717,2,863,348,255,144,8
202502 ,서울,광진구,87,79,908,955,82,950,2,3,313,359,166,8
202502 ,서울,구로구,111,114,867,85,124,63,3,759,564,384,126,13
202502 ,서울,금천구,59,71,628,748,74,435,2,484,441,958,73,10
202502 ,서울,노원구,81,129,124,593,134,798,3,166,754,972,176,9
202502 ,서울,도봉구,91,76,120,603,80,814,2,171,560,779,123,7
202502 ,서울,동대문구,106,85,105,929,88,140,2,461,124,643,129,9
202502 ,서울,동작구,116,94,501,157,95,774,2,91,128,262,135,6
202502 ,서울,마포구,98,101,631,124,105,853,2,405,656,116,171,9
202502 ,서울,서대문구,207,77,229,436,80,872,1,930,398,428,134,5
202502 ,서울,서초구,174,153,466,600,157,240,2,887,646,664,183,10
202502 ,서울,성동구,131,81,943,660,90,734,1,702,929,679,178,8
202502 ,서울,성북구,92,104,955,982,107,29,2,661,1,3,805,141
202502 ,서울,송파구,128,206,315,451,213,894,3,845,1,5,556,158
202502 ,서울,양천구,129,127,85,727,131,941,2,911,734,709,144,10
202502 ,서울,영등포구,127,118,217,878,121,222,3,485,183,732,176,12
202502 ,서울,용산구,260,63,519,161,64,940,1,725,77,927,153,4
202502 ,서울,은평구,100,113,994,85,118,179,2,829,748,623,138,9
202502 ,서울,종로구,1,695,39,240,41,286,497,1,367,3,117,336
202502 ,서울,중구,295,40,307,685,42,287,1,719,247,779,175,4
202502 ,서울,중랑구,79,91,434,19,97,532,2,856,579,468,121,11
202503 ,서울,강남구,161,218,815,883,232,859,3,825,542,428,187,13
202503 ,서울,강동구,109,143,209,101,148,419,3,241,625,908,148,11
202503 ,서울,강북구,114,60,135,98,62,347,2,13,715,796,131,6
202503 ,서울,강서구,138,167,182,847,176,167,3,994,1,5,348,164
202503 ,서울,관악구,89,98,521,27,101,637,2,848,347,239,144,8
202503 ,서울,광진구,86,79,975,963,83,24,1,973,313,330,164,8
202503 ,서울,구로구,112,114,810,62,123,984,3,724,566,350,126,13
202503 ,서울,금천구,58,71,509,724,74,291,2,456,437,926,75,10
202503 ,서울,노원구,81,128,944,571,134,596,3,127,751,930,171,9
202503 ,서울,도봉구,92,76,129,575,80,796,2,139,562,749,123,7
202503 ,서울,동대문구,105,85,627,921,88,653,2,439,128,625,131,9
202503 ,서울,동작구,117,94,421,233,95,771,2,73,128,244,136,6
202503 ,서울,마포구,97,101,533,162,105,792,2,386,648,89,172,9
202503 ,서울,서대문구,206,77,177,414,80,797,1,923,397,420,134,5
202503 ,서울,서초구,173,153,392,508,157,73,2,857,648,635,182,10
202503 ,서울,성동구,134,81,954,982,91,70,1,690,931,669,178,8
202503 ,서울,성북구,92,104,827,989,106,908,2,622,1,3,765,143
202503 ,서울,송파구,128,206,204,414,213,746,3,822,1,5,520,158
202503 ,서울,양천구,131,126,938,797,131,866,2,906,734,705,145,10
202503 ,서울,영등포구,129,118,293,871,121,293,3,462,183,709,175,12
202503 ,서울,용산구,258,63,380,141,64,779,1,701,77,904,150,4
202503 ,서울,은평구,100,113,913,76,118,89,2,803,748,597,139,9
202503 ,서울,종로구,1,692,39,241,41,211,479,1,360,3,91,335
202503 ,서울,중구,288,40,199,657,42,144,1,703,248,764,175,4
202503 ,서울,중랑구,80,91,335,34,97,449,2,837,582,452,121,11
202504 ,서울,강남구,161,218,351,948,232,460,3,833,541,434,187,13
202504 ,서울,강동구,109,143,721,83,148,913,3,212,623,876,148,11
202504 ,서울,강북구,114,59,999,93,62,206,1,998,715,781,128,6
202504 ,서울,강서구,137,167,147,660,175,944,3,974,1,5,327,163
202504 ,서울,관악구,89,98,608,33,101,730,2,826,346,216,145,8
202504 ,서울,광진구,87,80,103,944,83,134,1,955,314,313,164,8
202504 ,서울,구로구,111,114,830,47,123,988,3,662,568,290,126,13
202504 ,서울,금천구,57,71,531,710,74,298,2,423,435,891,77,10
202504 ,서울,노원구,81,128,811,569,134,461,3,84,750,885,172,9
202504 ,서울,도봉구,92,76,94,552,80,738,2,131,560,740,123,7
202504 ,서울,동대문구,105,85,773,873,88,751,2,417,128,604,132,9
202504 ,서울,동작구,117,94,398,237,95,752,2,60,128,231,136,6
202504 ,서울,마포구,97,101,419,189,105,705,2,372,653,80,170,9
202504 ,서울,서대문구,207,77,177,410,80,794,1,912,397,409,137,5
202504 ,서울,서초구,204,153,481,371,157,56,2,854,649,633,181,10
202504 ,서울,성동구,134,81,955,683,90,772,1,685,934,667,180,7
202504 ,서울,성북구,92,105,212,0,107,304,2,591,1,3,731,141
202504 ,서울,송파구,128,206,148,477,213,753,3,807,1,5,500,162
202504 ,서울,양천구,129,126,828,807,131,764,2,901,735,700,147,10
202504 ,서울,영등포구,130,118,244,853,121,227,3,424,185,672,175,12
202504 ,서울,용산구,262,63,412,131,64,805,1,689,77,891,150,4
202504 ,서울,은평구,100,113,841,110,118,51,2,775,749,570,138,9
202504 ,서울,종로구,1,693,39,239,41,160,480,1,349,3,83,334
202504 ,서울,중구,288,40,22,607,41,917,1,698,250,759,175,4
202504 ,서울,중랑구,80,91,352,53,97,485,2,819,580,431,123,11
202505 ,서울,강남구,160,218,276,225,232,661,3,818,540,418,187,13
202505 ,서울,강동구,110,144,212,56,149,378,3,196,615,852,148,11
202505 ,서울,강북구,117,59,876,103,62,96,1,986,716,769,129,6
202505 ,서울,강서구,136,167,35,644,175,815,3,930,1,5,292,160
202505 ,서울,관악구,89,98,656,33,101,778,2,793,348,185,146,8
202505 ,서울,광진구,87,80,285,954,83,326,1,951,332,328,164,8
202505 ,서울,구로구,111,114,677,54,123,842,3,644,565,268,126,13
202505 ,서울,금천구,58,71,549,712,74,319,2,402,434,869,78,10
202505 ,서울,노원구,80,128,613,560,134,253,3,47,752,850,171,9
202505 ,서울,도봉구,93,76,17,536,80,646,2,108,563,720,123,7
202505 ,서울,동대문구,108,85,880,773,88,761,2,401,129,590,134,9
202505 ,서울,동작구,117,94,389,234,95,740,2,45,128,216,136,6
202505 ,서울,마포구,97,101,450,211,105,758,2,363,674,92,171,9
202505 ,서울,서대문구,208,77,94,410,80,712,1,902,399,401,136,5
202505 ,서울,서초구,175,153,429,345,156,949,2,817,647,594,181,10
202505 ,서울,성동구,134,82,112,925,90,171,1,688,904,641,180,7
202505 ,서울,성북구,92,105,816,15,107,923,2,590,1,3,733,143
202505 ,서울,송파구,129,206,8,490,213,627,3,805,1,5,488,161
202505 ,서울,양천구,131,126,748,808,131,687,2,870,733,666,145,10
202505 ,서울,영등포구,131,118,172,743,121,46,3,414,190,665,174,12
202505 ,서울,용산구,262,63,457,120,64,839,1,696,77,898,150,4
202505 ,서울,은평구,100,113,746,139,117,985,2,753,755,554,143,9
202505 ,서울,종로구,1,724,39,243,41,143,480,1,328,3,60,334
202505 ,서울,중구,289,39,788,545,41,622,1,696,241,747,177,4
202505 ,서울,중랑구,80,91,225,929,97,234,2,803,585,420,123,11
202506 ,서울,강남구,159,218,784,915,232,858,3,768,531,359,187,13
202506 ,서울,강동구,112,144,566,33,149,711,3,179,617,837,154,11
202506 ,서울,강북구,118,59,869,108,62,95,1,972,716,755,130,6
202506 ,서울,강서구,138,166,951,598,175,687,3,890,1,5,251,159
202506 ,서울,관악구,89,98,725,25,101,839,2,766,350,160,146,8
202506 ,서울,광진구,87,80,395,957,83,439,1,940,333,318,164,8
202506 ,서울,구로구,111,114,680,974,123,765,3,607,560,226,125,13
202506 ,서울,금천구,58,71,470,689,74,217,2,384,433,851,78,10
202506 ,서울,노원구,80,128,457,560,134,97,3,23,751,825,170,9
202506 ,서울,도봉구,92,75,990,527,80,609,2,97,563,709,123,7
202506 ,서울,동대문구,108,86,6,785,88,899,2,382,129,571,136,9
202506 ,서울,동작구,117,94,520,233,95,870,2,38,128,210,136,6
202506 ,서울,마포구,98,101,503,183,105,784,2,347,675,77,171,9
202506 ,서울,서대문구,213,77,90,413,80,716,1,895,400,395,135,5
202506 ,서울,서초구,174,153,368,236,156,778,2,795,654,581,182,10
202506 ,서울,성동구,135,82,117,699,90,951,1,675,940,664,180,7
202506 ,서울,성북구,93,106,227,4,108,324,2,585,1,3,726,146
202506 ,서울,송파구,129,205,979,597,213,705,3,781,1,5,455,160
202506 ,서울,양천구,130,126,770,803,131,703,2,851,734,648,144,10
202506 ,서울,영등포구,130,118,63,761,120,954,3,383,198,641,174,12
202506 ,서울,용산구,262,63,507,119,64,888,1,688,75,888,150,4
202506 ,서울,은평구,100,113,724,147,117,971,2,739,755,539,141,9
202506 ,서울,종로구,1,753,39,242,41,91,481,1,320,3,53,334
202506 ,서울,중구,288,39,646,488,41,422,1,685,243,737,177,4
202506 ,서울,중랑구,80,91,269,905,97,254,2,771,586,389,123,11
202507 ,서울,강남구,159,218,484,640,232,283,3,773,538,373,194,13
202507 ,서울,강동구,111,144,894,22,150,27,3,159,617,818,153,11
202507 ,서울,강북구,118,59,783,108,62,9,1,963,716,746,129,6
202507 ,서울,강서구,138,166,600,576,175,314,3,920,1,5,338,159
202507 ,서울,관악구,89,98,715,39,101,843,2,742,354,141,145,8
202507 ,서울,광진구,87,80,391,978,83,456,1,926,332,302,165,8
202507 ,서울,구로구,112,114,529,807,123,448,3,589,562,211,126,13
202507 ,서울,금천구,58,71,433,685,74,176,2,367,435,836,78,10
202507 ,서울,노원구,81,128,376,567,134,24,3,1,749,801,170,9
202507 ,서울,도봉구,92,75,996,520,80,608,2,86,563,699,123,7
202507 ,서울,동대문구,107,86,561,743,89,411,2,371,128,558,136,9
202507 ,서울,동작구,117,94,303,255,95,675,2,12,127,183,141,6
202507 ,서울,마포구,99,101,265,217,105,581,2,336,622,13,173,9
202507 ,서울,서대문구,212,77,197,413,80,822,1,874,400,373,136,5
202507 ,서울,서초구,224,153,911,87,157,222,2,775,644,548,182,10
202507 ,서울,성동구,135,82,147,586,90,868,1,668,931,649,180,8
202507 ,서울,성북구,93,106,307,6,108,406,2,566,1,3,706,146
202507 ,서울,송파구,129,205,771,634,213,534,3,760,1,5,433,160
202507 ,서울,양천구,130,126,512,830,131,472,2,837,737,637,145,10
202507 ,서울,영등포구,126,118,49,745,120,920,3,361,196,618,170,12
202507 ,서울,용산구,261,63,38,121,64,420,1,652,75,849,150,4
202507 ,서울,은평구,100,113,803,158,118,61,2,733,752,530,136,9
202507 ,서울,종로구,1,709,39,244,41,20,480,1,308,3,39,333
202507 ,서울,중구,288,39,377,424,41,89,1,681,264,756,178,4
202507 ,서울,중랑구,80,91,320,935,97,335,2,748,588,368,123,11
202508 ,서울,강남구,157,218,389,419,231,965,3,767,536,365,194,13
202508 ,서울,강동구,111,145,83,3,150,197,3,152,621,815,153,11
202508 ,서울,강북구,117,59,580,115,61,812,1,956,715,738,128,6
202508 ,서울,강서구,138,166,178,585,174,901,3,921,1,5,340,159
202508 ,서울,관악구,89,98,670,39,101,798,2,735,354,135,145,8
202508 ,서울,광진구,87,80,243,977,83,307,1,916,331,291,166,8
202508 ,서울,구로구,112,114,450,526,123,88,3,573,560,191,127,13
202508 ,서울,금천구,58,71,381,709,74,148,2,349,435,818,78,10
202508 ,서울,노원구,81,128,228,586,133,895,2,982,750,783,171,9
202508 ,서울,도봉구,93,76,17,514,80,624,2,75,565,690,124,7
202508 ,서울,동대문구,108,86,869,740,89,717,2,355,129,543,136,9
202508 ,서울,동작구,118,94,216,256,95,590,2,4,127,175,142,6
202508 ,서울,마포구,104,101,204,178,105,486,2,320,618,992,173,9
202508 ,서울,서대문구,212,77,292,405,80,909,1,869,400,368,135,5
202508 ,서울,서초구,201,154,761,79,158,41,2,775,642,549,182,10
202508 ,서울,성동구,134,82,412,634,91,180,1,641,930,621,179,8
202508 ,서울,성북구,93,106,364,21,108,478,2,553,1,3,692,147
202508 ,서울,송파구,129,205,708,652,213,489,3,743,1,5,421,160
202508 ,서울,양천구,130,126,359,851,131,340,2,828,737,628,145,10
202508 ,서울,영등포구,126,117,750,746,120,622,3,343,198,602,170,12
202508 ,서울,용산구,261,62,997,111,64,369,1,646,74,840,150,4
202508 ,서울,은평구,100,113,762,179,118,41,2,717,748,513,136,9
202508 ,서울,종로구,1,716,38,241,40,935,478,1,308,3,37,334
202508 ,서울,중구,287,39,199,396,40,882,1,681,262,754,179,4
202508 ,서울,중랑구,80,91,317,922,97,319,2,734,589,355,123,11
202509 ,서울,강남구,157,217,945,198,231,300,3,776,537,372,193,13
202509 ,서울,강동구,109,145,166,971,150,246,3,123,620,785,151,11
202509 ,서울,강북구,116,59,460,119,61,695,1,941,716,724,128,6
202509 ,서울,강서구,138,165,541,580,174,259,3,901,1,5,312,160
202509 ,서울,관악구,88,98,631,44,101,763,2,696,353,93,144,8
202509 ,서울,광진구,90,80,183,8,83,281,1,898,327,268,164,8
202509 ,서울,구로구,112,114,418,357,122,887,3,523,559,140,127,13
202509 ,서울,금천구,58,71,474,755,74,287,2,321,435,789,78,10
202509 ,서울,노원구,81,128,177,587,133,845,2,950,716,717,170,9
202509 ,서울,도봉구,93,76,50,505,80,648,2,59,562,671,123,7
202509 ,서울,동대문구,107,86,937,736,89,780,2,334,129,522,136,9
202509 ,서울,동작구,117,94,54,249,95,420,1,993,128,165,142,6
202509 ,서울,마포구,103,101,282,165,105,550,2,301,617,972,175,9
202509 ,서울,서대문구,213,77,344,406,80,963,1,857,403,359,135,5
202509 ,서울,서초구,185,155,300,64,158,549,2,751,638,519,183,10
202509 ,서울,성동구,134,82,548,900,91,582,1,626,929,605,179,8
202509 ,서울,성북구,93,106,450,14,108,557,2,538,1,3,676,144
202509 ,서울,송파구,131,205,746,619,213,496,3,694,1,5,371,161
202509 ,서울,양천구,129,126,203,866,131,198,2,800,736,600,144,10
202509 ,서울,영등포구,126,117,815,737,120,678,3,314,202,576,171,12
202509 ,서울,용산구,262,63,21,111,64,394,1,635,73,827,150,4
202509 ,서울,은평구,100,113,578,180,117,858,2,694,751,494,137,9
202509 ,서울,종로구,1,693,39,242,40,942,433,1,299,2,983,335
202509 ,서울,중구,285,39,429,305,41,19,1,674,298,783,180,4
202509 ,서울,중랑구,79,91,343,958,97,380,2,711,586,329,122,11
202510 ,서울,강남구,157,217,913,898,230,968,3,784,534,377,193,13
202510 ,서울,강동구,108,145,169,946,150,223,3,97,619,758,150,11
202510 ,서울,강북구,114,59,415,124,61,653,1,924,716,709,128,6
202510 ,서울,강서구,136,164,985,538,173,659,3,859,1,5,269,161
202510 ,서울,관악구,88,98,611,36,101,735,2,675,355,74,144,8
202510 ,서울,광진구,89,80,112,4,83,205,1,884,328,255,164,8
202510 ,서울,구로구,111,114,309,536,122,956,3,500,567,125,126,13
202510 ,서울,금천구,59,71,505,751,74,315,2,306,434,773,78,10
202510 ,서울,노원구,81,128,166,566,133,813,2,920,715,686,171,9
202510 ,서울,도봉구,93,75,980,500,80,573,2,52,561,662,124,7
202510 ,서울,동대문구,107,86,924,749,89,780,2,306,128,493,136,9
202510 ,서울,동작구,117,94,31,241,95,389,1,968,127,140,142,6
202510 ,서울,마포구,103,101,236,135,105,474,2,279,615,948,177,9
202510 ,서울,서대문구,215,77,372,423,81,10,1,839,405,343,135,5
202510 ,서울,서초구,181,155,573,83,158,837,2,739,636,504,183,10
202510 ,서울,성동구,134,82,602,660,91,396,1,619,928,596,179,8
202510 ,서울,성북구,93,106,361,12,108,466,2,517,1,3,651,144
202510 ,서울,송파구,131,205,535,635,213,301,3,677,1,5,350,159
202510 ,서울,양천구,129,126,213,879,131,221,2,777,742,583,145,10
202510 ,서울,영등포구,126,117,588,726,120,440,3,298,200,558,170,12
202510 ,서울,용산구,266,62,997,120,64,383,1,621,73,813,150,4
202510 ,서울,은평구,100,113,410,173,117,683,2,678,750,477,138,9
202510 ,서울,종로구,1,689,39,243,40,943,443,1,292,2,986,335
202510 ,서울,중구,287,39,256,266,40,809,1,662,299,804,179,4
202510 ,서울,중랑구,79,91,332,950,97,361,2,689,584,305,123,11
202511 ,서울,강남구,157,218,764,526,231,447,3,755,531,346,193,13
202511 ,서울,강동구,109,145,267,1,150,377,3,78,617,737,151,11
202511 ,서울,강북구,114,59,388,126,61,628,1,906,716,692,127,6
202511 ,서울,강서구,136,165,284,467,173,887,3,853,1,5,255,158
202511 ,서울,관악구,88,98,593,34,101,715,2,651,356,51,144,8
202511 ,서울,광진구,86,80,83,994,83,163,1,869,325,237,165,8
202511 ,서울,구로구,111,114,160,544,122,815,3,466,573,97,126,13
202511 ,서울,금천구,59,71,493,809,74,361,2,281,434,748,78,10
202511 ,서울,노원구,81,128,187,607,133,875,2,915,713,679,171,9
202511 ,서울,도봉구,92,75,974,506,80,572,2,38,559,646,124,7
202511 ,서울,동대문구,110,86,909,740,89,759,2,289,127,476,135,9
202511 ,서울,동작구,118,93,923,246,95,287,1,972,127,144,144,6
202511 ,서울,마포구,98,101,304,83,105,485,2,269,612,937,179,8
202511 ,서울,서대문구,215,77,418,425,81,58,1,826,405,330,135,5
202511 ,서울,서초구,174,155,650,127,158,951,2,733,633,495,185,10
202511 ,서울,성동구,134,82,748,217,91,99,1,629,925,604,178,8
202511 ,서울,성북구,93,106,425,22,108,540,2,503,1,3,638,142
202511 ,서울,송파구,132,205,367,630,213,129,3,644,1,5,321,159
202511 ,서울,양천구,129,126,271,893,131,293,2,761,741,568,146,10
202511 ,서울,영등포구,127,117,654,761,120,542,3,264,199,523,170,12
202511 ,서울,용산구,267,62,928,116,64,311,1,619,73,810,150,4
202511 ,서울,은평구,101,113,294,184,117,579,2,650,750,446,138,9
202511 ,서울,종로구,1,673,39,244,40,941,442,1,285,2,978,334
202511 ,서울,중구,286,39,183,241,40,710,1,655,297,793,176,4
202511 ,서울,중랑구,79,91,403,934,97,416,2,679,582,293,123,11
